scenario_id,agent_id,object_type,cv_ade,cv_fde,kf_ade,kf_fde,best_model,heading_change_deg,lateral_motion_m,displacement_m,crossing,final_uncertainty,worst_error
140117c81b4ef9fb,3052,pedestrian,0.3668093182947077,0.5928589167158683,0.5985261141894991,0.84840152366163,CV,26.40213047338159,4.748779296875,7.750259983408855,False,9.01037676685647,0.84840152366163
140117c81b4ef9fb,4621,cyclist,0.029014369923326528,0.053269639638859057,0.03712566233273045,0.06543772106502954,CV,1545.231402473183,0.02587890625,0.004957016724669666,False,9.01037676685647,0.06543772106502954
140117c81b4ef9fb,4622,cyclist,0.9179870938423018,2.6641087169949267,0.521078694442588,0.8736246210546099,KF,9.63502614319843,9.501708984375,17.582471144096704,False,9.01037676685647,2.6641087169949267
140117c81b4ef9fb,4623,cyclist,0.8124046286734058,2.193047540386901,1.7460195574254715,3.0019000827848457,CV,8.021774155262904,30.29345703125,33.18460450140213,False,9.01037676685647,3.0019000827848457
16a8cd972084277a,4992,pedestrian,3.1689371406381643,6.1780580138668455,3.653349984860494,7.065015433019391,CV,22.655947036820667,13.446533203125,13.489685270545346,False,9.010376766856462,7.065015433019391
1870b2208fe4ade9,64,pedestrian,0.5056067978002998,0.9690684344882828,0.4291340172625915,0.7995901825937005,KF,316.4943335912666,0.1455078125,0.09089485308928588,False,9.010376766856464,0.9690684344882828
1870b2208fe4ade9,65,pedestrian,0.14710444380841342,0.2846980526225353,0.13119607552810725,0.2518419557597187,KF,991.0777963463148,0.0462646484375,0.055444384314088865,False,9.010376766856464,0.2846980526225353
1870b2208fe4ade9,66,pedestrian,0.13524816164056827,0.19058236344649102,0.2551029913815724,0.4011748235583304,CV,1279.3270255476755,0.2293701171875,0.15788651798424,False,9.010376766856464,0.4011748235583304
1870b2208fe4ade9,71,pedestrian,1.4192691249159852,2.4122945056433323,1.5669916809852098,2.632549160854628,CV,40.53576687157947,4.3770751953125,7.590244129514863,False,9.010376766856464,2.632549160854628
1870b2208fe4ade9,141,cyclist,3.7878349040110315,7.221708805803451,4.585508791540534,8.772683175615626,CV,22.479200819598102,18.633056640625,23.578432986129382,False,9.010376766856464,8.772683175615626
1870b2208fe4ade9,142,cyclist,0.7888481901967849,2.548083558520439,2.7500648723480676,5.8156832095403574,CV,11.77775343973461,22.370849609375,37.363669875098516,False,9.010376766856464,5.8156832095403574
1e41e4f90a5cae0a,424,pedestrian,0.202591546586969,0.4145508531563631,0.694653876432337,1.3181097282704584,CV,31.84428564336567,0.521728515625,9.605849514085499,False,9.011864559597544,1.3181097282704584
1e41e4f90a5cae0a,566,cyclist,1.2899898812834758,3.775855233584244,1.6365071664370276,4.587880986282703,CV,62.08836436020193,5.1181640625,13.69085757357433,False,9.007897175955742,4.587880986282703
27384099b57a800b,5490,pedestrian,0.11071394498899391,0.16876619737564202,0.44300292774867356,0.8784916696384844,CV,14.631399378181781,7.54296875,9.320213989638928,False,9.010376766856469,0.8784916696384844
27384099b57a800b,5491,pedestrian,0.14372759673720875,0.27459638043834483,0.1495444502467944,0.266896925966136,CV,697.243749259776,0.061767578125,0.062080885392983544,False,9.010376766856469,0.27459638043834483
27384099b57a800b,5492,pedestrian,2.78643627354545,5.485647406264333,1.5999319256071827,3.058764023223245,KF,1075.5781770090484,0.6578369140625,1.1995126879678146,False,9.010376766856469,5.485647406264333
27384099b57a800b,5493,pedestrian,0.25030619185450376,0.8023203077187486,0.7643522736947294,1.8685316175499662,CV,17.660269420892156,7.9365234375,10.147806231663271,False,9.010376766856469,1.8685316175499662
2d84b1ab55ab81d3,1529,pedestrian,0.03394500206580633,0.05557334324875727,0.0339827293939526,0.046678541452935006,CV,1070.2401707113802,0.04876708984375,0.05951153090684902,False,9.01186455959754,0.05557334324875727
2d84b1ab55ab81d3,1551,pedestrian,2.9292489324122113,5.702931109008598,2.216774062926948,4.213384824346077,KF,613.8468616768649,1.14324951171875,1.142595728000936,False,9.01186455959754,5.702931109008598
2d84b1ab55ab81d3,1621,cyclist,4.820442648327536,11.740447676963537,5.367555471799436,12.585740154849539,CV,43.821769466445154,5.106353759765625,23.553422870046397,True,9.01186455959754,12.585740154849539
2db20518212cdfeb,5560,pedestrian,2.707049391067143,6.451628840328421,2.5910346738352636,6.077095212741092,KF,73.62125289995154,7.666015625,8.47857916350548,False,9.011864559597539,6.451628840328421
32275d7231509117,760,pedestrian,0.23175638650604477,0.5353033773090352,0.6708264084934732,1.3585659477042513,CV,10.584752250904076,5.6103515625,8.099061156991905,False,9.010872694579716,1.3585659477042513
371a64917512b4c9,7281,pedestrian,0.43550420401397205,0.707756490764973,0.40206892888421947,0.7664636490676092,KF,26.986105877836152,0.8167724609375,5.059887532809666,False,9.010376766856469,0.7664636490676092
371a64917512b4c9,7282,pedestrian,0.47517394135917784,0.7385252481578991,0.17577308629963845,0.27927254612024177,KF,28.062512823735666,1.0352783203125,5.130323381311914,False,9.010376766856469,0.7385252481578991
371a64917512b4c9,7284,pedestrian,0.2629958639720383,0.4401867211010872,0.36760642282433176,0.5439427325491459,CV,28.99407316767004,4.660888671875,8.265722729406232,False,9.010376766856469,0.5439427325491459
371a64917512b4c9,7285,pedestrian,0.5736961775034762,1.2485247805420028,0.7499173870911158,1.6031874419264616,CV,22.566543694209305,6.2779541015625,6.295049962543512,False,9.010376766856469,1.6031874419264616
371a64917512b4c9,7286,pedestrian,0.21377981035673713,0.6893475180486098,0.43881274605582815,0.8966516508939156,CV,26.49665975932488,6.5765380859375,6.607761024794171,False,9.010376766856469,0.8966516508939156
371a64917512b4c9,7287,pedestrian,0.1356588248045609,0.2439525705101081,0.46398847391770554,0.8497428246207113,CV,24.881657010197163,6.642333984375,6.694698212084435,False,9.010376766856469,0.8497428246207113
371a64917512b4c9,7288,pedestrian,0.19135724438278504,0.36575711441483777,0.5465358838988656,1.0003632813849541,CV,8.87883763202778,6.4031982421875,6.407490663648152,False,9.010376766856469,1.0003632813849541
371a64917512b4c9,7289,pedestrian,0.46801752750299885,0.7332382681489127,0.15903813751565946,0.35811703905252823,KF,21.218484714704314,5.6923828125,5.721504893695529,False,9.010376766856469,0.7332382681489127
371a64917512b4c9,7290,pedestrian,0.16753364195736714,0.35470330032317043,0.40215449013265525,0.6636878865320464,CV,17.574970479413768,6.362060546875,6.365472027724806,False,9.010376766856469,0.6636878865320464
371a64917512b4c9,7291,pedestrian,0.31138728064597404,0.7538622253407659,0.24507609302479771,0.4258237063286093,KF,14.767612832505451,0.5087890625,7.657546389069062,False,9.010376766856469,0.7538622253407659
371a64917512b4c9,7292,pedestrian,0.09867931520536985,0.11731768683402785,0.3342079463144072,0.6953289270766042,CV,17.219276976055248,0.205078125,7.1960698763582105,False,9.010376766856469,0.6953289270766042
371a64917512b4c9,7293,pedestrian,0.265758710085998,0.8973567667572372,0.2454293278810648,0.8625969842130364,KF,304.18833307044565,0.6219482421875,0.7638816447829652,False,9.010376766856469,0.8973567667572372
371a64917512b4c9,7294,pedestrian,0.5722965055121876,1.2695609951926385,0.6097117207405237,1.3786812608934895,CV,23.068886100410623,6.249755859375,7.598430930410719,False,9.010376766856469,1.3786812608934895
371a64917512b4c9,7295,pedestrian,0.16119055578725738,0.5165422215971092,0.3215372831553674,0.36463508543811946,CV,16.020037216890078,0.92041015625,7.503805833032444,False,9.010376766856469,0.5165422215971092
371a64917512b4c9,7296,pedestrian,0.049001476584622894,0.05138910339316979,0.41618599328544403,0.7822976444447295,CV,24.262273897136183,0.08642578125,7.209030991462708,False,9.010376766856469,0.7822976444447295
371a64917512b4c9,7299,pedestrian,0.21419532677736564,0.6019565995793528,0.5952267850950157,1.1136556682249663,CV,14.869242804434677,4.4647216796875,8.915412367669516,False,9.010376766856469,1.1136556682249663
371a64917512b4c9,7300,pedestrian,0.11445885565717802,0.18952222126682905,0.33701971600504466,0.6339350729124223,CV,11.183575395522183,0.1068115234375,6.847099526378893,False,9.010376766856469,0.6339350729124223
371a64917512b4c9,7301,pedestrian,0.10679993469240893,0.10353498462364598,0.38353282004714834,0.7309923168340474,CV,21.623790228096585,0.2449951171875,6.632797641085998,False,9.010376766856469,0.7309923168340474
371a64917512b4c9,7304,pedestrian,0.1752660146846448,0.39303636209374787,0.5591770827625532,1.0290315423812113,CV,11.891323653902935,0.3079833984375,8.132006802257825,False,9.010376766856469,1.0290315423812113
371a64917512b4c9,7305,pedestrian,0.09540625892490225,0.12021951191354033,0.09026496201683515,0.10951070869699243,KF,876.6045554082829,0.0684814453125,0.038603952271713114,False,9.010376766856469,0.12021951191354033
371a64917512b4c9,7309,pedestrian,0.35289131111417776,0.8669661838723735,0.7393361738341929,1.4719607441646727,CV,24.902125639131555,7.239501953125,7.909859425191409,False,9.010376766856469,1.4719607441646727
371a64917512b4c9,7317,pedestrian,0.09882165713402566,0.13365652593862123,0.06947290916633027,0.08438476184099256,KF,1211.0285844910675,0.067138671875,0.04580744387840094,False,9.010376766856469,0.13365652593862123
371a64917512b4c9,7342,pedestrian,0.6912499687236355,1.4581709643974907,1.0351595197215848,2.0430969549218196,CV,27.3692446176826,4.203125,8.869231928607642,False,9.010376766856469,2.0430969549218196
3a0389c235a0eaa1,1156,pedestrian,0.3678022301579605,1.0236588849029202,0.5821771410550552,1.2281460961783435,CV,28.096325744359657,1.5261688232421875,6.025343983672942,False,9.010872694579719,1.2281460961783435
3a79684106fe2fdf,1514,pedestrian,0.2746278738605522,0.6375007850470888,0.2906911477557273,0.45915544585637996,CV,14.793529625428528,3.472991943359375,8.936755536001861,False,9.009880842318958,0.6375007850470888
3a79684106fe2fdf,1515,pedestrian,3.286800170284828,7.283398613164018,2.987041585931648,6.591581881080042,KF,1012.5710994088337,1.295135498046875,0.7460950138670517,False,9.009880842318958,7.283398613164018
3a7c04d2bd7807eb,4467,pedestrian,0.15289096505938435,0.43571346811312534,0.5366999936012461,1.000311760276766,CV,38.99062756668322,7.812744140625,8.17915265977165,False,9.01186455959754,1.000311760276766
3a7c04d2bd7807eb,4470,pedestrian,0.24361433620499226,0.6868629938003257,0.3247335033936072,0.5220451534122148,CV,36.41759053899854,7.7532958984375,8.03642952918583,False,9.01186455959754,0.6868629938003257
3b523aceb232aa6f,6911,pedestrian,0.2705137922940464,0.3041525131997664,0.5589715681661853,0.8413370862614353,CV,22.33476414935772,0.94287109375,7.588299152860178,False,9.01186455959754,0.8413370862614353
3b523aceb232aa6f,6942,pedestrian,0.28943916863764946,0.7333057577156934,0.3132043041721994,0.7040111414170717,CV,29.638164646481332,0.9619140625,6.535907636041193,False,9.01186455959754,0.7333057577156934
3b523aceb232aa6f,6994,cyclist,0.7827237671275874,2.6647022888644276,0.5120433625667716,1.966783560948323,KF,212.58803275926266,5.05859375,4.983761627101419,False,9.010872694579719,2.6647022888644276
3f1599e8fa742bad,3785,pedestrian,0.45143822601424005,1.139835534683477,0.6049397207208292,1.3810584870466653,CV,27.059571365522288,3.093017578125,7.962339916933115,False,9.010376766856469,1.3810584870466653
3f1599e8fa742bad,3786,pedestrian,0.196400919820538,0.6503031017966734,0.5426246929463069,1.1471919907359664,CV,33.99688541212773,2.8704833984375,7.602185969645605,False,9.010376766856469,1.1471919907359664
45856054906e76f1,243,cyclist,0.3107637699111098,0.5896396856981847,2.066020938690629,3.9439329535578573,CV,4.683958188649197,2.0006103515625,38.28082873540812,False,9.007401267293954,3.9439329535578573
4a013cdb54b260bf,1667,cyclist,4.984561476451151,11.577634512395914,5.1492380834111655,11.63865210534531,CV,61.72598716761588,24.673828125,25.737114598935197,False,9.01037676685647,11.63865210534531
4a6ce418c2519b1,3673,pedestrian,1.3889413671614124,3.1134265377021175,1.5984311368020518,3.4300409824153286,CV,48.44529251893231,1.19140625,8.236557209898807,False,9.01037676685647,3.4300409824153286
4f4bbc55ef30c3ea,1467,pedestrian,0.32264693515603804,0.5680192891670119,0.3415394118200844,0.5937834569463032,CV,972.7211765011747,0.11328125,0.02980116117122486,False,9.01186455959754,0.5937834569463032
4f4bbc55ef30c3ea,1468,pedestrian,0.14456425811669715,0.29081098757841595,0.39024713418535506,0.7335005462183222,CV,23.56897316818663,9.0244140625,9.024684182450475,False,9.01186455959754,0.7335005462183222
4f7aa8ac2ff60093,3478,pedestrian,0.31398011224033,0.5980816090928573,0.3519106261324971,0.5794331754824877,CV,28.21331241649728,2.6484375,5.537664282710519,False,9.013848328017087,0.5980816090928573
4f7aa8ac2ff60093,3482,pedestrian,0.5199139303401797,1.2004309358786862,0.26016394383295827,0.6561613379003312,KF,32.35025077749634,4.0244140625,4.024772467016599,False,9.013848328017087,1.2004309358786862
4f7aa8ac2ff60093,3491,pedestrian,0.6305374957559728,1.4651856871017555,0.3684775489949238,1.1083550616636735,KF,26.83173607674688,8.6337890625,8.640746517603079,False,9.013848328017087,1.4651856871017555
4f7aa8ac2ff60093,3527,pedestrian,0.7048162626331279,1.441775598908559,1.0528646570052709,1.9483160355177696,CV,36.79550138704411,6.501953125,6.544286612266364,False,9.013848328017087,1.9483160355177696
4f7aa8ac2ff60093,3534,pedestrian,1.5688164345509514,3.174088404899847,1.6726798069530435,3.3512474146337405,CV,59.3567759534565,4.7490234375,4.750592044273867,False,9.013848328017087,3.3512474146337405
4f7aa8ac2ff60093,3541,pedestrian,0.7796061662201191,0.93993936643376,0.36057871846966505,0.5879547006503416,KF,49.11271260549264,1.828125,5.751400984216802,False,9.013848328017087,0.93993936643376
4f7aa8ac2ff60093,3545,pedestrian,0.5547404947283203,0.8009835411416275,0.48770737899638716,0.5725478082610977,KF,320.9061411137705,1.53515625,1.6148319504172497,False,9.013848328017087,0.8009835411416275
4f7aa8ac2ff60093,3548,pedestrian,0.3129150064503195,0.9091466425569203,0.818401209801131,1.3344008971678092,CV,38.111238546312975,1.021484375,7.477719144731427,False,9.013848328017087,1.3344008971678092
4f7aa8ac2ff60093,3557,pedestrian,0.3612236436145612,0.6924672375737777,0.38932777809856667,0.720976232491197,CV,95.60825904992451,0.171875,3.5372652117451775,False,9.013848328017085,0.720976232491197
4f7aa8ac2ff60093,3569,pedestrian,0.18225274926732815,0.38598718900019396,0.24507618324032127,0.3890650227914307,CV,64.65237741412307,0.271484375,3.504813154521637,False,9.013848328017085,0.3890650227914307
4f7aa8ac2ff60093,3579,pedestrian,0.22236344807782235,0.5644172885702723,0.3958426020977464,0.9289938499559895,CV,16.451485780818174,0.6650390625,8.610380415182888,False,9.013848328017088,0.9289938499559895
4f7aa8ac2ff60093,3590,pedestrian,0.356105995771836,0.9276647469694581,0.4777550953877037,1.1691316369218012,CV,25.49279547280308,2.1220703125,7.332345621465349,False,9.010376766856448,1.1691316369218012
50ddee410ccb016d,303,pedestrian,0.4782272248266997,0.9397486354313931,0.42677734615476476,0.8304577573165653,KF,589.143248158191,0.0517578125,0.1482110554971799,False,9.010376766856464,0.9397486354313931
50ddee410ccb016d,308,pedestrian,0.08273286644634598,0.170514777122586,0.08544430532752162,0.17107308949816755,CV,1493.790543182814,0.066650390625,0.050352191314440485,False,9.010376766856464,0.17107308949816755
57e7012e0a98e3ec,4951,pedestrian,0.09574783831251173,0.4917221541720147,0.4897763888681093,0.5363690611015779,CV,19.886269109657537,3.40777587890625,8.018801839696975,False,9.010376766856469,0.5363690611015779
57e7012e0a98e3ec,4966,pedestrian,0.8818153057757304,2.0485730560949746,0.7756938897018064,1.836689305457337,KF,792.8005307815617,1.13238525390625,1.0985511105145531,False,9.000954741371752,2.0485730560949746
5d6f6adb8f60a8e,4292,pedestrian,0.13930055500612742,0.32922781597260903,0.3943226647002622,0.7513608723796067,CV,16.917985624458325,0.809814453125,7.237343877218617,False,9.009880842318957,0.7513608723796067
5d6f6adb8f60a8e,4294,pedestrian,0.14116069159039055,0.21974225282263518,0.5457095468688378,0.9617571666072482,CV,14.653614305645537,0.9593505859375,7.000852972720467,False,9.009880842318957,0.9617571666072482
66d2f8859f26c401,1629,pedestrian,0.06382418322423593,0.12296040765928001,0.02225120668662834,0.045288799638238814,KF,2391.659207266137,0.0400390625,0.012672403646747377,False,9.010376766856469,0.12296040765928001
66d2f8859f26c401,1630,pedestrian,0.02892592108710387,0.04422646702848738,0.04043364736445779,0.06932951017910939,CV,934.4969969810821,0.0416259765625,0.01881665462102693,False,9.010376766856469,0.06932951017910939
66d2f8859f26c401,1631,pedestrian,0.03527229735957705,0.03636990846495691,0.03714584045216874,0.03898142221718652,CV,954.7275785514017,0.0565185546875,0.037661016012253246,False,9.01037676685647,0.03898142221718652
66d2f8859f26c401,1632,pedestrian,0.03553492265327732,0.09285503086431103,0.02851687560601365,0.06604683546663134,KF,937.2615619128561,0.0450439453125,0.017020384095830277,False,9.010376766856469,0.09285503086431103
66d2f8859f26c401,1634,pedestrian,0.6671277293346516,2.086440930137354,0.44344826023828043,1.5694794377332475,KF,621.8640766787287,0.8619384765625,2.4983312878866477,False,9.010376766856469,2.086440930137354
66d2f8859f26c401,1665,pedestrian,0.06760540814443788,0.1269205527266836,0.04640501360886873,0.07316701516635518,KF,1202.930295732722,0.068115234375,0.044933980886215454,False,9.010376766856469,0.1269205527266836
66d2f8859f26c401,1679,pedestrian,2.0931278516535583,4.934097284469119,2.045260590034804,4.731245909270592,KF,79.1080322121506,5.4473876953125,6.27779320470976,False,9.010376766856458,4.934097284469119
675906df18cc419a,1594,pedestrian,0.4644819288543811,0.9751068461773751,0.8553078475526,1.6843605341330057,CV,15.074896609802186,8.1251220703125,8.301864053674395,False,9.010376766856464,1.6843605341330057
6ea1530b289aec91,1276,pedestrian,0.1245917443235478,0.2873578094367841,0.43344774931774244,0.728675049632782,CV,16.271809519710416,7.44384765625,7.446383980568194,False,9.01186455959754,0.728675049632782
6ea1530b289aec91,1277,pedestrian,0.4994188382258365,1.1643381932396413,0.8389703807671465,1.8006843909459187,CV,21.61320741397794,5.5263671875,7.791332224095755,False,9.01186455959754,1.8006843909459187
722e894fd915b4eb,1025,pedestrian,0.28216905196034653,0.5799967949142428,0.25236550211202635,0.5132808728657652,KF,1304.740156976388,0.1630859375,0.17078068627546272,False,9.01186455959754,0.5799967949142428
734c57bbbf191450,2186,pedestrian,0.19748405559009286,0.4745279626711796,0.5203249169537973,0.9190378516128406,CV,17.948971556765162,9.453125,9.456801527117454,False,9.01236049689916,0.9190378516128406
750f17fb3ac9783d,2355,pedestrian,0.24818683427974236,0.519573564020125,0.6224080256698209,1.2234494948652854,CV,15.090469396759373,7.375,7.4337492238482605,False,9.01186455959754,1.2234494948652854
750f17fb3ac9783d,2385,cyclist,3.3359252513233106,7.689541371959292,3.644796498232614,7.622489863625064,CV,33.11631885829479,29.57568359375,29.5924610201637,False,9.01186455959754,7.689541371959292
7a877066976dde0,1826,pedestrian,1.2918936643065608,3.4927862817389776,1.3724823731701665,3.6324384033115846,CV,163.62873916293364,3.3291015625,4.461187405776405,False,9.01037676685647,3.6324384033115846
7d040037cd4d968e,2632,pedestrian,0.30661800872217576,0.5911378921323543,0.2915944992792254,0.5499492019230089,KF,499.5739212599008,0.163818359375,0.2242685136499375,False,9.01186455959754,0.5911378921323543
7d1d2b26dd1e62e4,1512,pedestrian,0.22202983941462065,0.4687339484193975,0.5751844251718652,1.0592157509452897,CV,26.12574972973587,5.82757568359375,7.392787605666226,False,9.010376766856469,1.0592157509452897
7efb8ffc5f5cb1b4,1217,pedestrian,0.024649753945789023,0.06714075931466063,0.02137112607786505,0.07634991465060818,KF,946.7131471965848,0.087890625,0.12041182938377813,False,9.01037676685647,0.07634991465060818
7efb8ffc5f5cb1b4,1218,pedestrian,0.027692680327024956,0.047019245625406644,0.03255879946813536,0.04044910324057832,CV,1165.989793622395,0.037109375,0.01772837533167196,False,9.01037676685647,0.047019245625406644
7efb8ffc5f5cb1b4,1220,pedestrian,0.06319514140222558,0.1245415974294015,0.05799356539636571,0.10974628295874721,KF,1858.0541951464886,0.1142578125,0.11351357675425414,False,9.01037676685647,0.1245415974294015
7fcb65089a2bb672,2629,pedestrian,2.8866989459705246,7.769118810423818,2.4705302107156872,6.947520224334426,KF,271.603862771155,2.177734375,0.1855526571878655,False,9.01186455959754,7.769118810423818
7fcb65089a2bb672,2630,pedestrian,0.31163244533744394,1.0939750674972775,0.5156183462413645,1.0416076535004104,CV,57.910739035340754,4.619140625,5.636979993871648,False,9.01186455959754,1.0939750674972775
7fcb65089a2bb672,2631,pedestrian,0.5503079575450516,0.6987635046478774,0.8218249342745352,1.2357385944269355,CV,43.11137014720509,4.4990234375,5.090614336633725,False,9.01186455959754,1.2357385944269355
7fcb65089a2bb672,2633,pedestrian,0.41208952669507054,0.8098220664988318,0.18693037617131225,0.3481298194086274,KF,1758.4460288745354,0.091796875,0.09695549358760651,False,9.01186455959754,0.8098220664988318
7fcb65089a2bb672,2636,pedestrian,1.8203902774105265,4.152499997938259,1.8767983661137464,4.245147597976862,CV,99.27106646272414,4.5859375,5.3544051145702145,False,9.01186455959754,4.245147597976862
821e0118a0ef48b2,3937,pedestrian,1.4113240730507084,3.435232253796924,1.6635137256205228,3.7338549117301643,CV,65.031465444997,6.47216796875,7.582795538451968,False,9.01186455959754,3.7338549117301643
821e0118a0ef48b2,3938,pedestrian,0.40599121768581425,0.8833216406698355,0.4789994922463348,1.0835155006466857,CV,31.862279945121678,4.74951171875,5.882053913990366,False,9.01186455959754,1.0835155006466857
821e0118a0ef48b2,3956,pedestrian,0.41961221642922925,0.688613492946033,0.3270929012323577,0.553820617962395,KF,114.18705998463344,5.14111328125,6.46593532048025,False,9.01037676685647,0.688613492946033
8e8052b4f96b2199,310,pedestrian,2.8448536367120516,6.981530763046987,1.9415949386353315,5.194867102042671,KF,31.355303893894547,0.56103515625,9.242929224899166,False,9.010376766856469,6.981530763046987
8f1ccf225dd5813c,159,pedestrian,0.15450033715849837,0.29807044500500757,0.06885928868365783,0.11742830235522908,KF,895.0848948710142,0.056640625,0.030587079062174685,False,9.012360496899156,0.29807044500500757
914f16ffef6529c5,108,pedestrian,0.07005221425309333,0.14741316400046525,0.06802067013605594,0.14036750820124677,KF,884.5778386812613,0.0419921875,0.00966747552403483,False,9.01037676685647,0.14741316400046525
914f16ffef6529c5,116,pedestrian,0.10561117118079849,0.26881871438949806,0.46967994340283964,0.8879089676685782,CV,13.745698138988596,0.1044921875,9.016376513623896,False,9.01037676685647,0.8879089676685782
91ae85924f2177b3,216,pedestrian,2.3586741050233773,6.400934001548377,2.248745060048986,5.97766531393855,KF,93.99675148852579,2.6370849609375,7.032196143653619,False,9.01037676685647,6.400934001548377
95bd21699baa15a5,4569,pedestrian,0.3536192373366482,1.8184514185863627,0.35818997692056626,1.8916743045143496,CV,593.1837500721047,1.1728515625,1.9246453616519577,False,9.010376766856469,1.8916743045143496
95bd21699baa15a5,4570,pedestrian,0.4755311562123871,1.4267004325045567,0.412931795105719,1.4650568066716452,KF,689.3232446376634,1.363525390625,1.922283423840779,False,9.010376766856469,1.4650568066716452
9646b687f1411768,3338,pedestrian,1.0267402319331547,2.2585442277531707,0.867064674376438,1.838129785941683,KF,41.511458356364415,5.01904296875,5.832436881551611,False,9.010376766856469,2.2585442277531707
9646b687f1411768,3340,pedestrian,0.9828265010377006,2.305011013417252,0.6988145490740741,1.7460601820987283,KF,41.44767176896639,3.748046875,5.014195277048053,False,9.010376766856464,2.305011013417252
a067a3788873f5be,4821,pedestrian,1.0451531418102389,1.3574374150528847,0.7849893309197509,0.883005434546287,KF,437.5302521483093,0.625,3.230349908693132,False,9.009880842318957,1.3574374150528847
a067a3788873f5be,4835,pedestrian,2.2362274599659187,4.992589077482375,2.5410556637511856,5.533628538583335,CV,43.59902379621628,5.4287109375,8.897305391451136,False,9.008393087785572,5.533628538583335
a067a3788873f5be,5049,cyclist,4.827424293143208,10.955415292850654,4.269654899789787,9.328552321377302,KF,38.85028264357725,26.7177734375,27.15475335320872,False,9.010376766856464,10.955415292850654
a149237c0d9c27ea,1949,cyclist,2.502329810896738,5.587325326779947,3.106581665317516,6.697769139802106,CV,24.597075289464073,14.349609375,14.34969750893006,False,9.01186455959754,6.697769139802106
a200040e65ba224c,4717,pedestrian,0.26116313287350046,0.49760284206788935,0.29067642147897904,0.8429000030629308,CV,22.323278814918307,7.167724609375,7.642171672967664,False,9.001450609171536,0.8429000030629308
a2fd6176c7695739,3687,pedestrian,0.44666533467213493,1.3026220487360678,0.403891600862256,1.2229001508316633,KF,418.2629236082285,1.30615234375,1.3104585541073472,False,9.005913560281655,1.3026220487360678
a2fd6176c7695739,3688,pedestrian,0.2584860891570666,0.24615721168997184,0.25400712325543534,0.2275842178887833,KF,576.4530072100258,0.413330078125,0.4480172051847005,False,9.005913560281655,0.24615721168997184
a2fd6176c7695739,3689,pedestrian,0.6745738639411075,1.5877293707025455,0.7203012006443178,1.6756595796526113,CV,112.59117303828761,1.93701171875,2.076524462326395,False,9.005913560281655,1.6756595796526113
a2fd6176c7695739,3691,pedestrian,0.13924451358035497,0.17524411222963795,0.174274506857774,0.23562010484245582,CV,530.1960281685638,0.264892578125,0.4759668630207299,False,9.005913560281655,0.23562010484245582
a2fd6176c7695739,3693,pedestrian,0.2778796423355041,0.47293405033422964,0.3832082702883177,0.6974799243091215,CV,174.98890157085478,0.9921875,1.009793987650585,False,9.005913560281655,0.6974799243091215
a2fd6176c7695739,3695,pedestrian,0.6036259071874749,1.6284181301272094,0.6502542310101131,1.242694177276748,CV,24.12383021220335,3.664306640625,8.519014443416287,False,9.005913560281655,1.6284181301272094
a2fd6176c7695739,3696,pedestrian,0.23524572039967093,0.295089636982356,0.22805951556647044,0.561798999722047,KF,11.524472294188806,7.36279296875,8.27119850646523,False,9.005913560281655,0.561798999722047
a2fd6176c7695739,3697,pedestrian,0.7470706549203976,1.7048168060657047,0.8105759874289888,1.7266745690336722,CV,29.730035702365807,3.99560546875,8.414663015345491,False,9.005913560281655,1.7266745690336722
a2fd6176c7695739,3698,pedestrian,0.030437524283776017,0.05109244865758885,0.027306394344106418,0.04046828328389084,KF,709.9372009214172,0.096435546875,0.027411513150495143,False,9.005913560281655,0.05109244865758885
a2fd6176c7695739,3724,pedestrian,1.1945095860115649,1.9822562752460051,0.6552626117314644,1.2412926271148994,KF,20.052979620006436,3.965576171875,8.82746858181895,False,9.005913560281655,1.9822562752460051
a2fd6176c7695739,3725,pedestrian,1.2187671978647876,2.6535633682396136,1.2703470552895004,2.6835369078143816,CV,62.915689091080814,2.091552734375,5.3286399214938625,False,9.005913560281655,2.6835369078143816
a2fd6176c7695739,3743,pedestrian,0.9959173270180137,2.4905040990776146,0.7924669092474851,1.9408266024197445,KF,27.046244705983593,2.758056640625,9.728141384588868,False,9.005913560281655,2.4905040990776146
a2fd6176c7695739,3746,pedestrian,0.19354818545651203,0.20042505042203707,0.5230933303482077,0.803179442532492,CV,24.390712699719618,4.081787109375,5.5911034191698175,False,9.005913560281655,0.803179442532492
a2fd6176c7695739,3747,pedestrian,0.6118327699609595,0.5773078815997554,0.602479362105685,0.43968279992111653,KF,192.67767398067662,0.61767578125,1.6399428811535472,False,9.005913560281655,0.5773078815997554
a2fd6176c7695739,3798,pedestrian,0.19202956186791337,0.36707012427977737,0.40576399669497804,0.8104977446039359,CV,700.8028463042622,0.428466796875,0.09024125770642685,False,8.986080141259068,0.8104977446039359
a2fd6176c7695739,3799,pedestrian,3.502448235626868,6.677580946656264,2.581853257039939,4.719091045056485,KF,1412.3211908234996,0.853759765625,1.1326289126833062,False,8.98558436845516,6.677580946656264
a4956b27f127a67c,5217,cyclist,0.7026146887997133,2.9990314835563447,1.068734941174446,3.8969017747228145,CV,23.697902195137463,12.08837890625,13.097732238822147,False,9.010872694579719,3.8969017747228145
a991619cfc4f2216,1956,pedestrian,0.05709256537336425,0.10823167948213092,0.025136228218379585,0.04555037126403401,KF,679.0444855741811,0.0732421875,0.0146484375,False,9.01186455959754,0.10823167948213092
abc362bb96b25c1c,4138,pedestrian,0.28649436618762325,0.515161455103065,0.6884997051880183,1.312988768851018,CV,17.72077249425259,7.875,7.87546889105063,False,9.01186455959754,1.312988768851018
abc362bb96b25c1c,4145,pedestrian,0.3638306326803882,0.9296428241928225,0.25124377868764924,0.7217722839884909,KF,326.8945629947254,0.615234375,1.3204923428274093,False,9.010376766856448,0.9296428241928225
abc362bb96b25c1c,4147,pedestrian,1.534062474566425,3.523149720091008,1.1632707124049324,2.8464180527131204,KF,430.31968691030966,0.962890625,1.5689785733823487,False,9.01037676685647,3.523149720091008
adcea6e87c4558fa,1290,pedestrian,0.40985417518924505,0.7335460331624251,0.6621994595469441,1.1933684192270748,CV,25.812981060665326,8.3895263671875,8.428872806222142,False,9.01136862549223,1.1933684192270748
adcea6e87c4558fa,1291,pedestrian,0.3644689917567241,0.8013741846946484,0.7015188056224987,1.4051420075139103,CV,47.866596844207635,0.287445068359375,6.531954457040123,False,9.01136862549223,1.4051420075139103
adcea6e87c4558fa,1292,pedestrian,0.17984454407349149,0.5215878258547164,0.46629165123399224,0.914738840081856,CV,20.289366010348427,0.2991943359375,6.5152228872254065,False,9.01136862549223,0.914738840081856
ae92386e0686d4d6,2732,pedestrian,0.22707421321158644,0.4872378429774592,0.7122887513397411,1.233811564654326,CV,18.200372862194243,4.44384765625,9.970169435690352,False,9.010872694579719,1.233811564654326
ae92386e0686d4d6,2733,pedestrian,0.24347793476142995,0.4664927082008389,0.36688257035785277,0.5495301796258976,CV,17.636228530998277,5.307861328125,7.882739827602734,False,9.010872694579719,0.5495301796258976
ae92386e0686d4d6,2735,pedestrian,0.08910084824153153,0.2951455999337024,0.41227822684181903,0.9468524924242777,CV,22.692443036175657,2.683349609375,6.692704409413851,False,9.010872694579719,0.9468524924242777
ae92386e0686d4d6,2739,pedestrian,0.08892622381451666,0.18407610960984086,0.06687200607922271,0.14697535251057953,KF,963.2452420478259,0.072998046875,0.07569432336367879,False,9.010872694579719,0.18407610960984086
ae92386e0686d4d6,2753,pedestrian,0.30510122699252035,0.6931446861696755,0.6088163476592696,1.1740431410547476,CV,18.426087005190496,3.90576171875,8.718812115936782,False,9.010872694579719,1.1740431410547476
b065dcb23730589b,8044,cyclist,1.4473319399978553,2.985727054701749,0.31145922486683963,0.7375522073048698,KF,9.088419929740562,8.3330078125,17.782328567912025,False,9.01037676685647,2.985727054701749
b5b52effcbc11899,1156,pedestrian,1.665039316366598,3.457594006170995,1.3947218064783364,2.794252225010549,KF,973.5078967304885,0.172119140625,0.6668886967318725,False,9.01037676685647,3.457594006170995
b682b4171243133d,1243,pedestrian,0.11097352307169774,0.3687974407977909,0.8378417817961378,1.436271191902597,CV,20.90946942134445,7.116943359375,7.852076261232456,False,9.01236049689916,1.436271191902597
b6c121ee6748be2e,2728,pedestrian,0.4189788103463917,1.0287909236171313,0.557595037750048,1.1677713100016138,CV,23.477257790707963,5.8798828125,7.667350475941664,False,9.01186455959754,1.1677713100016138
b6c121ee6748be2e,2729,pedestrian,0.20460991611946416,0.1033815874462426,0.5143797427088621,0.7414480023061746,CV,30.866299756624834,5.3173828125,7.331132739235827,False,9.01186455959754,0.7414480023061746
bf5644083714297,1974,pedestrian,0.24186095514344003,0.4055493246050166,0.2934113230057451,0.4074459937811262,CV,24.639580622079137,4.461700439453125,4.884151704337895,False,8.989550635373519,0.4074459937811262
c37fa6a0a21345f3,2925,pedestrian,0.3890580086909153,0.7850554595849986,0.41353626549134165,0.7867299419878075,CV,38.4800760846137,5.15087890625,6.185669970333985,False,9.011864559597552,0.7867299419878075
c511128eee46dcc1,1009,pedestrian,0.24461794192047367,0.4522813699494436,0.1703576313989644,0.2987730773064672,KF,1160.7036718601832,0.10595703125,0.08848540070370542,False,9.010376766856464,0.4522813699494436
c6d3e9d6c619e786,1341,pedestrian,0.9194051368081126,1.9851874462443104,0.7409326666788425,1.638123147400279,KF,532.1318107455354,0.12164306640625,0.5595850385023067,False,9.01037676685647,1.9851874462443104
c92f5e81941151a4,96,pedestrian,0.05594391981022409,0.08428115934169247,0.011718034663172141,0.02011135782045276,KF,1308.6695257129934,0.064697265625,0.016373811169050016,False,9.010376766856472,0.08428115934169247
c92f5e81941151a4,97,pedestrian,0.07302484935932506,0.13134486414358726,0.4468600454096571,0.632947130033385,CV,7.788016842494309,4.637451171875,9.866730067024179,False,9.010376766856472,0.632947130033385
c92f5e81941151a4,98,pedestrian,0.14779066742061675,0.2605801432452805,0.13960203032558896,0.23093709774276647,KF,703.007827149432,0.0634765625,0.13682072787161081,False,9.010376766856472,0.2605801432452805
c92f5e81941151a4,99,pedestrian,0.14091238951337787,0.4714982692197731,0.44341719131797064,0.7166243225464316,CV,34.464377718689356,2.9765625,6.503280454892063,False,9.010376766856472,0.7166243225464316
c92f5e81941151a4,103,pedestrian,0.10822467077078589,0.18560972507066364,0.06487003266423683,0.10227369466721078,KF,1422.709058595777,0.04150390625,0.05519522265341237,False,9.010376766856472,0.18560972507066364
c92f5e81941151a4,133,pedestrian,0.15415309286753356,0.27108863770834035,0.47101937559701135,0.9124511557149005,CV,23.615676697014578,2.83544921875,7.283897140757127,False,9.010872694579719,0.9124511557149005
c92f5e81941151a4,136,pedestrian,2.368139787674685,5.270642222976668,2.5154884650906952,5.520876895853056,CV,175.22289660413205,4.703369140625,6.374586658775089,False,9.01037676685647,5.520876895853056
cb481a607e0df310,3462,pedestrian,0.38659546602838274,0.9884099789587306,0.6127106943887377,1.3236704429874862,CV,31.315539344454663,7.54833984375,7.551664086084821,False,9.011368625492231,1.3236704429874862
d4940e640de558c5,555,pedestrian,0.331835288957074,0.6560798205612304,0.3292279229633821,0.6490786986053885,KF,20.086134401070716,6.5914306640625,8.099857920744267,False,9.01186455959754,0.6560798205612304
d53adebfe1178441,590,pedestrian,1.308042841562387,3.0838819160394637,1.3938119040010886,3.0778066167469564,CV,45.24128389030592,1.479248046875,8.129092631157887,False,9.011368625492231,3.0838819160394637
d84357e99e171a20,57,pedestrian,0.16233316688925598,0.33406705265064296,0.5849177993890378,1.157660628322749,CV,18.304829940984995,0.423828125,7.903752350861892,False,9.01037676685647,1.157660628322749
e3d1b5e3c9e05d41,1609,pedestrian,0.680705272513337,1.2702965104902635,0.7691064446164532,1.4448208944343985,CV,21.369123579959272,6.124755859375,9.092486273355444,False,9.01186455959754,1.4448208944343985
e3d1b5e3c9e05d41,1610,pedestrian,0.30783491800974944,0.5969140237455122,0.14720263186231303,0.29311749446395646,KF,1749.2007247741462,0.1007080078125,0.03422551828993179,False,9.011368625492231,0.5969140237455122
e3d1b5e3c9e05d41,1611,pedestrian,0.23420765075639757,0.4164205106542471,0.09549244490243439,0.21996195738731802,KF,986.0149813554319,0.2757568359375,0.05828656897166361,False,9.011368625492231,0.4164205106542471
e3d1b5e3c9e05d41,1612,pedestrian,0.3839750894112287,0.7709040493435856,0.3413335006449719,0.6676567165973105,KF,1773.4426614277597,0.1263427734375,0.14233492986715104,False,9.011368625492231,0.7709040493435856
e3d1b5e3c9e05d41,1614,pedestrian,0.5033780099206245,0.794950381857171,0.6138415387260096,1.1110177172825522,CV,389.81884077541565,2.7916259765625,2.8877680034102693,False,9.01186455959754,1.1110177172825522
e3d1b5e3c9e05d41,1615,pedestrian,0.12810051508361656,0.23882916235674642,0.08804195540754053,0.1554113154070101,KF,2083.978058400995,0.0419921875,0.02039946590973796,False,9.011368625492231,0.23882916235674642
e3d1b5e3c9e05d41,1616,pedestrian,0.8079232906122951,1.3254571988985733,0.6283512022533775,0.9370880978324999,KF,1327.3729764755979,0.5435791015625,0.5844915868168045,False,9.011368625492231,1.3254571988985733
e3d1b5e3c9e05d41,1622,pedestrian,0.059691631138636916,0.06735544963807172,0.05438943934335331,0.02409367223417744,KF,1233.6618451479753,0.1812744140625,0.18426638006073257,False,9.009880842318957,0.06735544963807172
e9653159c09f5c72,4373,pedestrian,0.6814646677977515,1.5779092368691294,0.6844840255086111,1.4468492202049519,CV,33.916307322843785,3.9000244140625,5.770407382248015,False,9.006409459460464,1.5779092368691294
e9653159c09f5c72,4374,pedestrian,0.8232148343611114,1.8743758306723282,0.9143506915194028,1.9126578971802175,CV,31.69772841837104,3.218505859375,8.445430183120033,False,9.006409459460464,1.9126578971802175
e9653159c09f5c72,4375,pedestrian,0.2758656792529111,0.5966993902699247,0.5466087853711592,0.9654820121438625,CV,18.648548289575128,6.2080078125,7.266889761495292,False,9.006409459460464,0.9654820121438625
e9653159c09f5c72,4378,pedestrian,0.8082588493084356,1.8866215534656727,0.7364806498057089,1.691271149359032,KF,50.10647963250526,3.8267822265625,4.581198524781792,False,9.006409459460464,1.8866215534656727
e9653159c09f5c72,4398,pedestrian,0.18148737025448006,0.3337774152355613,0.2702477016084888,0.5542785310337771,CV,17.83567632430509,0.295654296875,7.095246161423984,False,9.006409459460464,0.5542785310337771
e9653159c09f5c72,4402,pedestrian,0.1754161330933877,0.18938960918341385,0.1650521310558465,0.1671996876415061,KF,23.83521608597321,0.336669921875,7.3824799195315896,False,9.005913560281655,0.18938960918341385
e9653159c09f5c72,4410,pedestrian,0.5836571802180877,1.498946316713149,0.6563201158647485,1.5239040864354227,CV,39.64248000652732,3.9193115234375,5.628057275530894,False,9.006409459460464,1.5239040864354227
e9653159c09f5c72,4423,pedestrian,0.8083209749003036,1.519036691048322,0.984397702933769,1.7401781464274644,CV,37.12645534263465,6.0662841796875,7.300938980619332,False,9.006409459460464,1.7401781464274644
e9653159c09f5c72,4439,pedestrian,0.3569010076672487,0.9603580678384096,0.8289454861110225,1.8145046274256318,CV,20.917314876372135,1.474365234375,9.99894489742192,False,9.006409459460457,1.8145046274256318
eb2e689ca1fdb0cf,3190,pedestrian,1.8931893428853848,4.854885120521697,1.312660378550224,3.5341642820952717,KF,318.50908583837406,2.39501953125,3.811923475918916,False,8.972199627214248,4.854885120521697
ee5e5fe91cd6c6e7,3039,pedestrian,0.9582766166653065,2.1491302256548757,1.0770107119583876,2.431105524537075,CV,57.64502311200113,2.036865234375,4.257041310105782,False,8.96872985800573,2.431105524537075
ee5e5fe91cd6c6e7,3042,pedestrian,0.148369095285931,0.17142984694683783,0.08588132143110604,0.04105494330960381,KF,888.7459838771657,0.096923828125,0.16043666388810565,False,8.96872985800573,0.17142984694683783
ee5e5fe91cd6c6e7,3051,pedestrian,0.28006814176083383,0.6894701148494905,0.3081765537885711,0.7349896235835954,CV,22.58777403090346,3.185546875,7.851308763493953,False,8.97071256589841,0.7349896235835954
ee5e5fe91cd6c6e7,3054,pedestrian,0.055369199809903,0.07489517791808077,0.11900466994511116,0.16487194428822555,CV,1155.2422043484974,0.099609375,0.1405037781319409,False,8.96872985800573,0.16487194428822555
ee5e5fe91cd6c6e7,3059,pedestrian,0.3175379269809327,0.5488909296109306,0.2724920011120157,0.4583697283484421,KF,1392.7432060735487,0.153564453125,0.13472691961447397,False,8.96872985800573,0.5488909296109306
ee5e5fe91cd6c6e7,3060,pedestrian,0.20582000747846999,0.5498714021421077,0.11797004500797019,0.3596587462683226,KF,1215.9669037588735,0.221435546875,0.16677900839534493,False,8.96872985800573,0.5498714021421077
ee5e5fe91cd6c6e7,3091,pedestrian,0.5536727085898084,1.1900773742958597,0.7282141415751553,1.3537785575906487,CV,50.18128066661709,3.202392578125,6.952359725328518,False,8.96872985800573,1.3537785575906487
ee5e5fe91cd6c6e7,3121,pedestrian,0.2552488176402562,0.422140883929318,0.33442182127860887,0.6557207893171687,CV,22.42982541618521,2.588134765625,6.128160484800648,False,8.972199627214248,0.6557207893171687
ee5e5fe91cd6c6e7,3127,pedestrian,0.29958084082145847,0.7365407705663258,0.18448212760477975,0.07205108154974191,KF,49.76299786290606,2.317138671875,5.9424252573595995,False,8.974678120935204,0.7365407705663258
ee5e5fe91cd6c6e7,3134,pedestrian,0.16719871406201178,0.15810037537347207,0.09912571732394936,0.22616458225966876,KF,1034.2411716433326,0.30224609375,0.3990934059464777,False,8.978148135129832,0.22616458225966876
ee5e5fe91cd6c6e7,3138,pedestrian,0.5678492057730922,1.335795651778425,0.5286566951489325,1.2027993962727255,KF,80.52713891178298,2.606689453125,7.558666495039662,False,8.978643863220183,1.335795651778425
ee5e5fe91cd6c6e7,3147,pedestrian,0.3543731330770239,0.8796050281457384,0.17955598066018044,0.38474111529601035,KF,30.40671607544209,2.576416015625,6.029912846089218,False,8.983601307267993,0.8796050281457384
ee5e5fe91cd6c6e7,3161,pedestrian,0.699722606084715,1.2367985533418715,0.6507635919241794,1.1019275612944577,KF,29.403469084675123,2.982177734375,6.102301998481531,False,8.987567477746062,1.2367985533418715
ee5e5fe91cd6c6e7,3190,pedestrian,0.6926686369511711,1.4129784554337894,0.834132009680862,1.6885979371518114,CV,134.55159609906823,0.51904296875,3.0854742933855115,False,9.000954741371752,1.6885979371518114
ee5e5fe91cd6c6e7,3194,pedestrian,0.2411352820411107,0.6187976657950048,0.40486724556232545,0.7996853101124365,CV,72.4594769491263,3.102783203125,6.123230279490695,False,9.002938231316431,0.7996853101124365
ef30c381751c832,3024,pedestrian,0.21846394224385426,0.36537885224652505,0.4781033794868936,0.8865024381414675,CV,18.94681720756997,6.429931640625,7.280213646544068,False,9.01037676685647,0.8865024381414675
ef30c381751c832,3035,pedestrian,0.310183837046344,0.7311335562038077,0.47236721139635357,0.895513936434442,CV,19.54644138677431,6.028564453125,6.8628695629925085,False,9.01037676685647,0.895513936434442
ef30c381751c832,3046,pedestrian,0.997261455389592,2.4027479173610238,0.8349485937304619,1.9737048373260049,KF,319.3941627577235,1.857666015625,1.8086057790269687,False,9.01037676685647,2.4027479173610238
f07589a399547917,2267,cyclist,3.610299150736938,11.780142639651416,3.4189802681683994,10.408261978682685,KF,84.90723770602371,7.4482879638671875,19.09478634281372,True,9.010376766856469,11.780142639651416
f21c5ea7c094490b,1101,pedestrian,0.03179839774994788,0.06905668875236458,0.030425590473110907,0.07467466902280394,KF,562.2195764773278,0.064453125,0.0662582374795716,False,9.01037676685647,0.07467466902280394
f21c5ea7c094490b,1102,pedestrian,0.0768019044971895,0.11917551622804681,0.04826279307694976,0.05472478766018632,KF,1441.054623295105,0.096923828125,0.061776390502502686,False,9.01186455959754,0.11917551622804681
f21c5ea7c094490b,1103,pedestrian,0.14436514215905086,0.1945762974968663,0.09396208463471221,0.10051571808107125,KF,1867.5133791967144,0.2027587890625,0.1975776004180943,False,9.01037676685647,0.1945762974968663
