scenario_id,agent_id,object_type,intention,displacement,lateral_motion,heading_change,curvature,speed,crossing
140117c81b4ef9fb,3045,pedestrian,straight,9.363382369964716,9.261474609375,32.85706013478147,0.10346768017680989,1.8122085696267418,False
140117c81b4ef9fb,3046,pedestrian,turning,13.639972671169579,13.607666015625,41.69530618186024,0.11217104701536515,1.6212127679530615,False
140117c81b4ef9fb,3052,pedestrian,turning,11.573091517726157,8.1796875,45.5471469735368,0.11777112880459162,1.3149145166496166,False
140117c81b4ef9fb,3055,pedestrian,straight,3.4720906954596895,3.468994140625,27.22917511987137,0.12725611288540642,1.5175722745043239,False
140117c81b4ef9fb,4621,cyclist,stationary,0.00830885550548908,0.0322265625,1649.5119745559373,2.152141676493154,0.08292613536265743,False
140117c81b4ef9fb,4622,cyclist,straight,22.607565673964007,12.363525390625,19.962420730757596,0.03993496995079639,2.516228190262458,False
140117c81b4ef9fb,4623,cyclist,straight,38.437523414829535,35.044677734375,11.412238951560159,0.046979596233461096,5.5773428065240696,False
16a8cd972084277a,4992,pedestrian,straight,18.086294618051,17.88330078125,33.737872196854426,0.08148652627182335,2.0310444511866987,False
16a8cd972084277a,5007,pedestrian,stationary,0.6050804123364257,0.68408203125,841.9743145014314,1.7810398121637994,1.5243437517178684,False
17a010edfe6d47b3,127,pedestrian,straight,5.477491776100228,4.52197265625,30.84600827017767,0.09518903172118044,1.7857493383895862,False
1870b2208fe4ade9,64,pedestrian,stationary,0.12283755466673078,0.1455078125,1082.4285020031175,1.5097129371642855,0.06590342350778007,False
1870b2208fe4ade9,65,pedestrian,stationary,0.06787153285042312,0.06787109375,1726.5792129449035,1.9341695167918054,0.03160238890501626,False
1870b2208fe4ade9,66,pedestrian,stationary,0.18511354138948652,0.249755859375,1442.0310182657201,1.8281258619767127,0.15737318322171584,False
1870b2208fe4ade9,71,pedestrian,turning,9.710328806538515,5.8690185546875,40.763482305746386,0.0491763330648469,1.283046046300802,False
1870b2208fe4ade9,82,pedestrian,turning,2.870684538763042,2.646484375,153.7174255433752,0.3156007854792971,0.5596151722898256,False
1870b2208fe4ade9,83,pedestrian,straight,4.62808908259269,4.3463134765625,17.021943941893007,0.05947394382253503,1.5462525901328426,False
1870b2208fe4ade9,84,pedestrian,stationary,0.15167608429241541,0.332275390625,722.9534870875711,1.3319857367949626,0.28164067836944273,False
1870b2208fe4ade9,87,pedestrian,straight,2.2570976161739615,1.594482421875,23.28234335137097,0.12859084383536695,1.080317640316044,False
1870b2208fe4ade9,88,pedestrian,stationary,0.02040364284714168,0.068359375,737.0591856623396,1.874903193575037,0.13117547939430266,False
1870b2208fe4ade9,89,pedestrian,turning,1.7319219097886567,1.155029296875,131.02765658117053,0.27867299095362486,0.38308774430920356,False
1870b2208fe4ade9,91,pedestrian,turning,1.0278423607821396,1.4102783203125,295.75600084409376,0.3232395654524281,0.6030985588339904,False
1870b2208fe4ade9,92,pedestrian,straight,8.105559935459002,7.2999267578125,21.582637171888084,0.04196149700901606,1.5979337140177705,False
1870b2208fe4ade9,94,pedestrian,turning,3.060269774726218,0.97607421875,442.44876361092025,0.6623320293103188,0.8077813926414381,False
1870b2208fe4ade9,98,pedestrian,stationary,0.7864569996618285,0.7984619140625,836.4695390240317,1.0909257279456235,0.38883360262409683,False
1870b2208fe4ade9,99,pedestrian,turning,1.1407684928307178,1.0740966796875,472.428246554215,1.1239953168902002,0.36818253541188894,False
1870b2208fe4ade9,100,pedestrian,turning,1.1834627714800594,0.9857177734375,342.03702361152017,0.5352960656373759,0.3252068038022621,False
1870b2208fe4ade9,101,pedestrian,stationary,0.36008484850462225,0.2431640625,397.433890583842,1.373908738321158,0.33674475908605817,False
1870b2208fe4ade9,102,pedestrian,turning,1.4545658156967285,1.039306640625,128.29144257914268,0.2157332945571411,0.6785811946597599,False
1870b2208fe4ade9,103,pedestrian,stationary,0.06509953800277732,0.2183837890625,346.9429015469309,1.50586536841318,0.2711720630741675,False
1870b2208fe4ade9,108,pedestrian,stationary,0.7323347624790268,0.77392578125,572.3829429548989,0.9014142424436469,0.4059884770191544,False
1870b2208fe4ade9,109,pedestrian,turning,1.2023964509078653,0.120849609375,48.583684195229715,0.24026980569508627,0.5852475211534244,False
1870b2208fe4ade9,115,pedestrian,stationary,0.7391444614441072,0.3697509765625,429.55091747426434,0.7225508533470926,0.41675698293422114,False
1870b2208fe4ade9,141,cyclist,turning,27.421492588876283,19.71435546875,111.23292026157245,0.04817301415767832,3.509809366360304,False
1870b2208fe4ade9,142,cyclist,straight,46.64266484973992,27.123291015625,14.820054239681339,0.03325020622090028,6.406218904787667,False
1a129bd9b3b34a9f,166,pedestrian,stationary,0.09126158131303053,0.1142578125,785.9536254626304,1.8076824896177606,0.26494909172827313,False
1e41e4f90a5cae0a,424,pedestrian,turning,11.192769860782239,0.634033203125,36.14635422602029,0.09467707706728797,1.6277933919045162,False
1e41e4f90a5cae0a,426,pedestrian,straight,6.470427883211481,1.28466796875,17.86576640488709,0.05734781106664785,1.2711213959096983,False
1e41e4f90a5cae0a,427,pedestrian,straight,4.168892423339399,0.284423828125,14.432055856536978,0.05422589529988867,1.265095887171341,False
1e41e4f90a5cae0a,428,pedestrian,straight,4.107001152022622,0.3515625,24.340129063937813,0.07348813295206072,1.2497303046470738,False
1e41e4f90a5cae0a,435,pedestrian,turning,3.825711842367513,0.437744140625,69.61509702374074,0.3322633542452808,1.8739915873540383,False
1e41e4f90a5cae0a,437,pedestrian,turning,33.990858245827305,2.999267578125,42.0332870457242,0.06501550847383357,8.318052421214666,False
1e41e4f90a5cae0a,440,pedestrian,crossing,2.0959751347248075,3.62158203125,264.93199847566956,0.2950770759105914,1.612430120728069,True
1e41e4f90a5cae0a,448,pedestrian,straight,7.370130422673031,2.184326171875,21.135717671726095,0.050296597353426564,1.4485937439501186,False
1e41e4f90a5cae0a,463,pedestrian,straight,6.115197319873691,5.924072265625,23.790658197617482,0.07066575660764003,2.0432146852999233,False
1e41e4f90a5cae0a,468,pedestrian,straight,2.6978041872888254,2.697509765625,22.262485122266998,0.07839960096812984,0.8741719857983463,False
1e41e4f90a5cae0a,471,pedestrian,straight,2.48711037822264,0.716552734375,20.008220116621562,0.04098120998379436,1.0381711155551938,False
1e41e4f90a5cae0a,472,pedestrian,straight,2.4872549933451853,0.655029296875,20.612671121389756,0.0788162685087878,1.039211217710991,False
1e41e4f90a5cae0a,566,cyclist,turning,15.17786186075379,5.62646484375,63.99418270996896,0.1261439058866393,2.4592413652012923,False
205c446d8967a67a,687,pedestrian,stationary,0.2630875505994069,0.853515625,754.4991390375912,1.9395269974178284,1.967248226362766,False
27384099b57a800b,5490,pedestrian,straight,14.241054941869093,11.472412109375,21.208803611285536,0.08617520539156287,1.5859608049629437,False
27384099b57a800b,5491,pedestrian,stationary,0.09835822531200168,0.08056640625,790.841763736552,1.779607474096305,0.06330918371266638,False
27384099b57a800b,5492,pedestrian,turning,1.1972340117570064,0.6578369140625,1727.041877348515,1.5812178550063518,0.24426951503301014,False
27384099b57a800b,5493,pedestrian,straight,15.745401775587398,12.0172119140625,24.964522124501787,0.08251913505367692,1.7559238059540025,False
2d84b1ab55ab81d3,1529,pedestrian,stationary,0.04063911422053873,0.068023681640625,1374.9904636553401,1.6500043962700155,0.09786331769671636,False
2d84b1ab55ab81d3,1531,pedestrian,turning,4.863265721935929,0.828948974609375,37.35467495619771,0.12917106550574506,1.3623568782214552,False
2d84b1ab55ab81d3,1551,pedestrian,stationary,0.9904357228850303,2.0187835693359375,1090.9311798391723,1.8992437078300088,0.9642998212482348,False
2d84b1ab55ab81d3,1621,cyclist,crossing,39.69160079027303,11.022979736328125,48.47995687449386,0.04085692368303173,4.502729326243204,True
2db20518212cdfeb,5560,pedestrian,turning,12.952206757972224,12.421875,78.24647870862617,0.06488403871855493,1.5638374679882003,False
31d18fac4011375c,3593,pedestrian,stationary,0.6565051718026581,0.459228515625,598.903363082196,1.2104866301663588,0.47873491149779746,False
31d18fac4011375c,3600,pedestrian,straight,4.022961671710172,0.06689453125,16.915682698014788,0.10739609470718413,1.3924119791034122,False
31d18fac4011375c,3601,pedestrian,straight,4.002339275118582,3.9033203125,19.140338599221863,0.08514625116715252,1.4862979150510867,False
32275d7231509117,759,pedestrian,stationary,0.07445811271972791,0.15728759765625,1289.9302672367637,1.751348531404886,0.212283845966823,False
32275d7231509117,760,pedestrian,straight,9.044874412331367,6.298095703125,21.145720160875793,0.09276399409219138,1.4394427486501538,False
32275d7231509117,767,pedestrian,stationary,0.14653980477959536,0.11395263671875,729.7980210450709,1.624164980122567,0.4064919862404082,False
34d35237ee3c1986,3563,pedestrian,turning,3.5959497457342007,3.595703125,44.74075099470441,0.2630465752753697,1.524420410915309,False
3505972c220e6b3a,1935,pedestrian,stationary,0.9065527867446432,1.144927978515625,768.7562321052446,1.8899306182518516,2.5676675428905584,False
3505972c220e6b3a,1940,pedestrian,turning,1.4931792940793718,0.155120849609375,52.27830263388649,0.15445162054666706,0.7684177462770319,False
3a0389c235a0eaa1,1156,pedestrian,turning,8.941779605908296,2.740478515625,41.80894021828562,0.13747663101054383,1.019012745693099,False
3a79684106fe2fdf,1514,pedestrian,straight,13.416602472711737,4.85809326171875,25.594275859457827,0.08974354869358675,1.4961791336589778,False
3a79684106fe2fdf,1515,pedestrian,turning,2.3348475005492366,1.295135498046875,1102.5288358939583,1.2446902746534216,1.2518001652913182,False
3a79684106fe2fdf,1519,pedestrian,stationary,0.7299659548946458,1.048980712890625,1544.534246698487,1.9264621025426298,1.464958277881054,False
3a79684106fe2fdf,1521,pedestrian,stationary,0.4584434730957167,1.409423828125,903.5278868430022,1.9626027014359144,2.7128812802298645,False
3a79684106fe2fdf,1889,cyclist,turning,1.0193083147595674,1.0008544921875,779.4825245041676,1.2123795859312732,0.44790021441825206,False
3b523aceb232aa6f,6911,pedestrian,turning,8.893593026234903,0.94287109375,555.3625191512402,0.2972383490715181,1.0480559175677104,False
3b523aceb232aa6f,6932,pedestrian,turning,7.492245643079846,5.4609375,129.37052779264727,0.17437887506807173,1.6023866375395066,False
3b523aceb232aa6f,6935,pedestrian,stationary,0.9046775395663671,0.2041015625,184.31344952336644,0.5636809744361903,0.4143443164118539,False
3b523aceb232aa6f,6942,pedestrian,turning,7.2862349583432415,1.09814453125,72.89916657358478,0.15070372565089862,1.0088262901144727,False
3b523aceb232aa6f,6947,pedestrian,stationary,0.5516301100144336,0.2060546875,600.2825769835382,1.1715362322998404,0.32130030206035554,False
3b523aceb232aa6f,6994,cyclist,turning,4.927843138786814,5.05859375,1020.1306921028352,1.0238403423069267,0.7171062233273867,False
3d00a93f0ba5e294,1049,pedestrian,stationary,0.6425088566835744,0.15966796875,599.4668562312537,0.6042808838354022,0.2894065726638154,False
3d00a93f0ba5e294,1050,pedestrian,turning,1.7147236610369105,1.662109375,1153.5247056109938,1.0479589251638477,0.5431038437951258,False
3d00a93f0ba5e294,1066,pedestrian,stationary,0.008176205379385907,0.06005859375,606.411022239187,1.6728274690779132,0.09688903317133293,False
3d00a93f0ba5e294,1067,pedestrian,stationary,0.16132006313325578,0.0810546875,609.1539042223335,1.7288647935765946,0.13131354521310057,False
41f633d89d641255,3843,cyclist,straight,17.18143773848085,5.411407470703125,19.634265795178013,0.08672176877995211,6.623674948724903,False
45856054906e76f1,243,cyclist,straight,58.32414978291018,2.988037109375,8.088334753314244,0.02269875056396931,6.482315144219186,False
48f180b621e549ba,343,cyclist,straight,14.020945813784483,0.211669921875,17.106018470632982,0.10190856267136413,5.4056014818176825,False
4f4bbc55ef30c3ea,1467,pedestrian,stationary,0.6337553935225875,0.654296875,1340.2499405223252,0.9376227879265032,0.163646886066949,False
4f4bbc55ef30c3ea,1468,pedestrian,straight,13.78334043395764,13.783203125,33.443401154678355,0.08975972000695552,1.5382888411250653,False
4f4bbc55ef30c3ea,1485,pedestrian,straight,5.198900518272321,1.013671875,30.66296823527412,0.08793274499370615,1.4506548923567761,False
4f4bbc55ef30c3ea,5316,cyclist,straight,21.57894461122784,21.5625,32.281227645715134,0.09419907297566248,5.410478311420395,False
4f7aa8ac2ff60093,3478,pedestrian,turning,8.17775186774162,4.17578125,63.6499756126812,0.13940864161731564,0.9219539936397897,False
4f7aa8ac2ff60093,3481,pedestrian,turning,4.863384493915398,3.357421875,75.79524562248864,0.11356628803494245,1.0021578801624056,False
4f7aa8ac2ff60093,3482,pedestrian,turning,4.09506612107176,4.0947265625,44.27121971253238,0.22857123823899855,0.6942730773990379,False
4f7aa8ac2ff60093,3483,pedestrian,turning,4.628653346367849,4.5830078125,46.19827103695475,0.12513042380118305,1.1393325276465784,False
4f7aa8ac2ff60093,3484,pedestrian,turning,3.5131732444796313,3.0185546875,168.2026975871383,0.24065690771935067,0.8219675781377187,False
4f7aa8ac2ff60093,3485,pedestrian,turning,4.195274878533887,3.9775390625,58.469886409633865,0.17672155590434824,1.1191146137160022,False
4f7aa8ac2ff60093,3491,pedestrian,straight,13.182618091791491,13.1826171875,33.959419203483655,0.10414485131113889,1.4811689373890837,False
4f7aa8ac2ff60093,3527,pedestrian,turning,9.394819392426914,9.232421875,101.18068644241397,0.11495989033604026,1.1097848998487143,False
4f7aa8ac2ff60093,3534,pedestrian,turning,7.9014122678427565,7.8984375,100.24703596865292,0.17895005648829662,0.8919492144384613,False
4f7aa8ac2ff60093,3541,pedestrian,turning,10.057676545332901,2.1787109375,70.89373868148657,0.13826178859064644,1.1427141632241158,False
4f7aa8ac2ff60093,3545,pedestrian,turning,1.7449425779147365,1.6025390625,635.1176114925713,0.8102910717634045,0.35000323455003196,False
4f7aa8ac2ff60093,3548,pedestrian,turning,9.61070820313636,3.83984375,104.98149383951898,0.09786197084095669,1.2379893295101787,False
4f7aa8ac2ff60093,3551,pedestrian,turning,1.5750766432748413,0.625,957.5484075186259,1.5217760554719753,0.5797531791931299,False
4f7aa8ac2ff60093,3557,pedestrian,turning,4.775976925920374,0.376953125,192.3718609969364,0.3403451493811506,0.5591259843298688,False
4f7aa8ac2ff60093,3560,pedestrian,stationary,0.4953636744684759,0.5234375,1680.2301411379535,1.5510059428709595,0.4545301514392652,False
4f7aa8ac2ff60093,3569,pedestrian,turning,4.774337758581814,0.271484375,116.071391413316,0.22120644906800332,0.6046411538493335,False
4f7aa8ac2ff60093,3570,pedestrian,turning,8.66377041791327,2.298828125,58.9439477682339,0.12233996063836791,1.1900601377930817,False
4f7aa8ac2ff60093,3573,pedestrian,turning,3.3284048043417047,2.1474609375,43.3273472452889,0.15626432596138787,1.4602631270130355,False
4f7aa8ac2ff60093,3579,pedestrian,straight,10.319425211210085,0.755859375,32.99839706758074,0.12254856101934572,1.4603618181518687,False
4f7aa8ac2ff60093,3585,pedestrian,straight,7.381141368509108,0.498046875,23.458765502987998,0.09964492004547756,1.3725150302723377,False
4f7aa8ac2ff60093,3588,pedestrian,straight,6.378147320705983,0.4853515625,19.13911442463456,0.11011625311371508,1.2075478652439156,False
4f7aa8ac2ff60093,3590,pedestrian,turning,7.877293086359565,2.396484375,41.76547555334767,0.09833389516384806,1.2602641192479518,False
4f7aa8ac2ff60093,3594,pedestrian,straight,6.302791343410227,0.4736328125,25.286063856432,0.09379699593067653,1.0909074041705664,False
4f7aa8ac2ff60093,3600,pedestrian,straight,8.11885219682915,7.751953125,33.76741284183423,0.10089728690792184,1.485744972769112,False
4f7aa8ac2ff60093,3613,pedestrian,stationary,0.6564258158273258,0.609375,794.0082157944336,1.6999650811228524,0.6599810892831379,False
4f7aa8ac2ff60093,3617,pedestrian,straight,4.896571435142962,0.8330078125,29.691971997637328,0.09938022335727109,1.5914943155757812,False
4f7aa8ac2ff60093,3618,pedestrian,straight,4.253521077746987,3.59375,20.537248655414643,0.11322201494796216,1.6439820354602042,False
5d6f6adb8f60a8e,4275,pedestrian,straight,4.030952804906636,3.283203125,25.15322033876599,0.1460088242535485,1.351078016454589,False
5d6f6adb8f60a8e,4292,pedestrian,straight,10.179973861936496,1.29388427734375,31.5588695860156,0.1063470617462323,1.2468322703810741,False
5d6f6adb8f60a8e,4294,pedestrian,straight,8.471181998900963,1.35321044921875,32.780860273591884,0.09915261173399303,1.216592300843745,False
5d6f6adb8f60a8e,4308,pedestrian,turning,2.992582770651341,2.37744140625,36.116598758307056,0.2616416999681922,1.3231205164667612,False
5d6f6adb8f60a8e,4313,pedestrian,straight,4.370070766863074,0.64788818359375,33.04507528437133,0.12177702122140095,1.294396204861735,False
5d6f6adb8f60a8e,4318,pedestrian,turning,4.09274316784263,0.53961181640625,38.830933768245686,0.19275442586896158,1.7491347097316678,False
66d2f8859f26c401,1629,pedestrian,stationary,0.008236806839764325,0.0400390625,1545.0743538205961,2.1212146473730757,0.07218220685676448,False
66d2f8859f26c401,1630,pedestrian,stationary,0.038744778742811355,0.0435791015625,2064.874422174156,1.6557870186889405,0.07489539771132663,False
66d2f8859f26c401,1631,pedestrian,stationary,0.03440066160020472,0.0565185546875,968.8508290859579,1.8707418738340245,0.07218934391899112,False
66d2f8859f26c401,1632,pedestrian,stationary,0.025165439609482792,0.0450439453125,1005.8882389820258,1.8023595322183923,0.10294053194427048,False
66d2f8859f26c401,1634,pedestrian,turning,2.511690522268148,0.90869140625,1082.6319907242353,1.0508670375553546,0.315494944885386,False
66d2f8859f26c401,1640,pedestrian,straight,5.6438866864356925,1.7818603515625,21.976171351778884,0.08438293691709615,1.4903172471100419,False
66d2f8859f26c401,1665,pedestrian,stationary,0.07069810459585427,0.0704345703125,1928.8334443911078,1.839653992099518,0.18202049079964078,False
66d2f8859f26c401,1675,pedestrian,stationary,0.2512781135051174,0.226806640625,1150.665137415649,1.9271836509890639,0.3198861820404894,False
66d2f8859f26c401,1679,pedestrian,turning,7.926960901993352,6.777587890625,88.88193069341938,0.08776506615854215,1.1830754488904731,False
66d2f8859f26c401,1681,pedestrian,straight,2.428875876525435,2.419677734375,20.880386100589927,0.13218329941315002,1.1623197747524872,False
66d2f8859f26c401,1686,pedestrian,stationary,0.059943484273112135,0.04833984375,705.4609701646892,1.9555383728479099,0.12302515557005318,False
66d2f8859f26c401,1687,pedestrian,stationary,0.2494253468182544,0.20068359375,635.9369873228367,1.403065557787079,0.3104228602400309,False
6b48214f47be32fc,1523,pedestrian,turning,3.428478006519664,3.08233642578125,90.26585026417948,0.15539686681120668,0.9700471297578499,False
6b48214f47be32fc,1524,pedestrian,turning,3.0709801019665917,2.86590576171875,284.6808133145284,0.4009792869271993,1.2153297340519367,False
6ea1530b289aec91,1276,pedestrian,straight,11.08711823512579,11.07421875,32.57272082479272,0.12006614603477453,1.2384126284248795,False
6ea1530b289aec91,1277,pedestrian,straight,12.006662237982717,8.7587890625,25.570251601820885,0.09042741979198807,1.3395318806668137,False
6ea1530b289aec91,1278,pedestrian,straight,3.1662298244190437,0.763671875,22.750630321690316,0.09580646393843907,1.3831673773823172,False
722e894fd915b4eb,1025,pedestrian,stationary,0.28672889878608043,0.374755859375,1650.852751525639,1.4249137135747598,0.2565516458779245,False
734c57bbbf191450,2186,pedestrian,straight,14.397796270919264,14.394775390625,29.154056964644525,0.09988885963035615,1.604832428605184,False
750f17fb3ac9783d,2355,pedestrian,turning,10.942195996617961,10.9384765625,52.97820716029537,0.08580152324911657,1.238159105948621,False
750f17fb3ac9783d,2385,cyclist,turning,43.17134089783248,43.1123046875,35.55671764270071,0.04042544926067085,4.835751398528414,False
78a415dcc9af404e,1243,pedestrian,turning,9.440544897994162,0.85400390625,60.22528287402569,0.11595671579857784,1.314718232061436,False
78a415dcc9af404e,1246,pedestrian,stationary,0.02511713481796696,0.7528076171875,1057.6229362895567,2.17620661979373,1.9025402755284122,False
78a415dcc9af404e,1247,pedestrian,crossing,9.824646688283291,1.2218017578125,57.752877691447424,0.08591180682309038,1.3772590403604754,True
78a415dcc9af404e,1249,pedestrian,stationary,0.03004740347474363,0.5733642578125,1265.9279884959883,1.934005785459623,2.076843475849663,False
7a877066976dde0,1826,pedestrian,turning,5.310360399109995,3.90869140625,302.1131511164976,0.4412252385064499,0.8105398221522104,False
7a877066976dde0,1841,pedestrian,turning,4.78930663440232,4.005859375,556.9410743427575,0.6653173128309045,1.7486194538287556,False
7fcb65089a2bb672,2629,pedestrian,crossing,4.597463961901327,6.1591796875,276.1823392083386,0.36134077546080534,0.998242693030864,True
7fcb65089a2bb672,2630,pedestrian,turning,7.78175615862856,5.251953125,75.61153742514647,0.07839291034150318,0.9489659138725628,False
7fcb65089a2bb672,2631,pedestrian,turning,7.120866563681142,5.8662109375,58.823908499305965,0.11602585833423917,0.8204375675058109,False
7fcb65089a2bb672,2632,pedestrian,stationary,0.05912035495181762,0.0966796875,1601.5622686406323,1.9397240286002009,0.1615046577866856,False
7fcb65089a2bb672,2633,pedestrian,stationary,0.10804594998022325,0.091796875,2292.00148219486,1.9773286310364513,0.27031335340633705,False
7fcb65089a2bb672,2634,pedestrian,stationary,0.1795554297675478,0.134765625,860.1006560139245,1.7869765543130165,0.11746601797422636,False
7fcb65089a2bb672,2635,pedestrian,stationary,0.1661993468711313,0.892578125,1095.092908453103,2.0377663161426427,0.9149593129832635,False
7fcb65089a2bb672,2636,pedestrian,turning,8.630093673714839,8.224609375,130.16369244086331,0.18325657085594543,1.0220887459393198,False
7fcb65089a2bb672,2637,pedestrian,stationary,0.0846756277173148,0.1591796875,763.687173748904,2.1489220159375275,0.34863441979734067,False
7fcb65089a2bb672,2638,pedestrian,turning,3.349046487473621,2.580078125,627.8097859085159,0.4498146807859849,0.8248800769852249,False
851e351605bc2291,4056,pedestrian,stationary,0.20600608505594714,0.0908203125,896.842737287205,1.7661495505946394,0.17780455606313275,False
8c3fe492642fbcb9,112,pedestrian,stationary,0.3744630147804674,0.24267578125,334.5870489468925,1.422426000250763,0.2680948370580245,False
8e8052b4f96b2199,310,pedestrian,turning,9.748094632355253,0.56103515625,396.376650374237,0.49329848116071845,1.1517858940707955,False
8e8052b4f96b2199,348,cyclist,straight,13.052453650104745,0.24658203125,15.317852225722433,0.052737956495347245,3.440361403849927,False
8f4a79615794f2d6,3197,pedestrian,straight,5.197596898177969,3.72412109375,33.841058027586506,0.1193209320550502,1.142708438477777,False
8f4a79615794f2d6,3200,pedestrian,stationary,0.06500195426937479,0.0908203125,1015.4242895012203,2.032761583196771,0.22359160194839187,False
8f4a79615794f2d6,3208,pedestrian,turning,2.9664533163802007,2.8896484375,406.673287248354,0.7037631437624766,0.7102129122821108,False
914f16ffef6529c5,108,pedestrian,stationary,0.12227546237943146,0.1474609375,1023.0065038050315,1.5197064790582488,0.07597273784035465,False
914f16ffef6529c5,110,pedestrian,stationary,0.041305967567599196,0.0986328125,2681.8378187314092,2.047795638081386,0.1212683196076258,False
914f16ffef6529c5,111,pedestrian,stationary,0.01589728573837862,0.078125,1040.3676297186566,1.5832080322561788,0.11433490064273251,False
914f16ffef6529c5,113,pedestrian,stationary,0.04747703499030818,0.064453125,1275.933358527399,1.941761939631678,0.24697235154617161,False
914f16ffef6529c5,116,pedestrian,straight,13.795872074020188,0.2998046875,24.398280509738328,0.07985090074136098,1.537416615665157,False
914f16ffef6529c5,118,pedestrian,turning,12.408170815618966,5.1806640625,51.985084580816455,0.08695381298343523,1.6146194842439578,False
914f16ffef6529c5,120,pedestrian,stationary,0.03647513229628502,0.0751953125,1022.7599220000124,1.976395025453546,0.2934265689621377,False
914f16ffef6529c5,122,pedestrian,stationary,0.05546883596494219,0.064453125,887.0771930459789,1.8022881440386913,0.19910844351878845,False
914f16ffef6529c5,131,cyclist,stationary,0.0724176406033968,0.22265625,1179.8086557241074,1.8955305329363537,0.4680197829346775,False
914f16ffef6529c5,132,cyclist,stationary,0.17590666641345998,0.169921875,891.1993347513783,2.0567002142623796,0.32088395544169873,False
91ae85924f2177b3,216,pedestrian,crossing,9.905769225917936,3.545654296875,102.19540231221717,0.05215431243514238,1.4222151903132638,True
91ae85924f2177b3,219,pedestrian,turning,4.306626898988056,2.5762939453125,58.992415356850124,0.14791810084097695,0.9880744610916858,False
9646b687f1411768,3337,pedestrian,turning,5.566596874520041,4.43994140625,51.08787889404849,0.1163563771640243,1.0550893701670265,False
9646b687f1411768,3338,pedestrian,turning,8.462652354932665,6.5537109375,68.1371863585033,0.1366631155063716,0.9807395075478986,False
9646b687f1411768,3340,pedestrian,turning,7.304245622294827,4.1953125,89.23558843788024,0.16821389108434645,0.8997864324093265,False
9646b687f1411768,3344,pedestrian,stationary,0.16386856242206635,0.2294921875,702.9878528881658,1.8146520537462476,0.5048878433500644,False
9646b687f1411768,3346,pedestrian,turning,2.27058583115285,2.26806640625,50.75483134777429,0.17441838638873972,1.2197822684138808,False
9646b687f1411768,3350,pedestrian,erratic,2.1012258295442514,0.30908203125,33.248753617472836,0.2014311970592776,0.8161908904981753,False
9eb14e859f08636e,3492,pedestrian,straight,4.033105115761865,3.902496337890625,22.137387747871163,0.07695124750825692,1.3492635780471658,False
9f71faace5b5e5ab,582,pedestrian,stationary,0.09969677550114764,0.422119140625,2299.083342619521,1.7419357141779717,0.5297126745666514,False
9f71faace5b5e5ab,583,pedestrian,stationary,0.5292346115370812,1.1053466796875,849.2144522737951,1.9931608097188933,2.3162726054097944,False
9f71faace5b5e5ab,588,pedestrian,stationary,0.9571616881872814,1.23095703125,1062.179411931789,1.9002185235282205,1.9698170113112372,False
9f71faace5b5e5ab,594,pedestrian,stationary,0.15970697422313476,0.3961181640625,966.4746978031696,1.9365409745712834,0.3961217815265511,False
9f71faace5b5e5ab,595,pedestrian,turning,2.789800981585297,2.0828857421875,37.00999061013797,0.1835062724873626,0.7818893238702801,False
a067a3788873f5be,4812,pedestrian,straight,3.2695103055586214,0.27197265625,20.22374498708887,0.09331092933955173,1.6387859674779703,False
a067a3788873f5be,4813,pedestrian,stationary,0.7672367258847136,0.62158203125,207.86072937129342,0.5425576865210259,0.3955593996701994,False
a067a3788873f5be,4821,pedestrian,turning,7.022286920217588,2.162109375,818.7004744957152,0.3525161129034935,0.8537318845670547,False
a067a3788873f5be,4824,pedestrian,turning,3.1510046344609197,1.27099609375,142.78009054663775,0.145618191913545,1.2416978835780943,False
a067a3788873f5be,4829,pedestrian,turning,2.4410928021441154,1.6328125,187.18001118474635,0.20536564559122633,0.9679512087897135,False
a067a3788873f5be,4835,pedestrian,turning,10.626426898986887,6.7861328125,81.78850157759756,0.13579963097073108,1.562486650747695,False
a067a3788873f5be,4852,pedestrian,stationary,0.1898664311804119,0.18603515625,1079.264096496334,1.8162251307020947,0.5502212384723969,False
a067a3788873f5be,4856,pedestrian,stationary,0.9192370155461115,0.84765625,1114.150162389563,1.3628446956349989,0.44744135724239653,False
a067a3788873f5be,4866,pedestrian,stationary,0.9277343830309416,0.90869140625,549.3080023099888,1.0192295898490698,1.7165001763744825,False
a067a3788873f5be,4868,pedestrian,stationary,0.24952034832687317,0.478515625,1540.4716054368134,2.029977697362808,1.15143861102641,False
a067a3788873f5be,4874,pedestrian,stationary,0.1064061083911732,0.08447265625,906.5001514670388,1.7262673421270747,0.110236287726852,False
a067a3788873f5be,4882,pedestrian,straight,2.7847077916839784,2.78466796875,22.39366651075446,0.10932809124389004,1.4712753652421986,False
a067a3788873f5be,5049,cyclist,turning,36.38526421023643,36.09130859375,46.148866138368085,0.09376368373283657,4.118212282190663,False
a149237c0d9c27ea,1936,pedestrian,stationary,0.050510565379589846,0.19140625,1270.2322776751587,2.362914257414983,0.6024233618217135,False
a149237c0d9c27ea,1949,cyclist,straight,24.75183824975932,24.7392578125,27.5890821467041,0.07156170335437353,2.7611728061956917,False
a200040e65ba224c,4716,pedestrian,turning,6.805248850498388,4.116943359375,1428.6563744850287,0.9479841542242006,0.9963473899725744,False
a200040e65ba224c,4717,pedestrian,turning,9.59769651538816,9.130615234375,38.25565117137764,0.11695802540909998,1.3270258925453415,False
a200040e65ba224c,4731,pedestrian,straight,3.46073444752463,2.25537109375,21.413965975079833,0.14157140989115288,1.3372686879881117,False
a200040e65ba224c,4739,pedestrian,straight,4.074388604724382,3.076416015625,24.21024304346724,0.06112196743115573,1.7786088889787108,False
a200040e65ba224c,4740,pedestrian,straight,5.405956001225823,4.117919921875,22.179142191541985,0.1137089763923995,1.292697365106681,False
a200040e65ba224c,4742,pedestrian,turning,4.137627551325468,3.88818359375,170.95321613325444,0.31730077834053255,1.6283146593826425,False
a200040e65ba224c,4825,cyclist,straight,20.39673027336729,18.38818359375,7.4213742979336415,0.030217469106897377,6.801535534256329,False
a200040e65ba224c,4826,cyclist,stationary,0.9923279730411032,0.685791015625,672.9045542322099,1.5255836470896296,0.38533193793326637,False
a200040e65ba224c,4827,cyclist,straight,24.03844838571372,16.474365234375,6.623988459350122,0.027340809214005012,6.680156464529738,False
a200040e65ba224c,4829,cyclist,straight,15.720927747879282,12.099853515625,18.537630548560326,0.04155426020095128,6.8585036448075,False
a2fd6176c7695739,3687,pedestrian,turning,1.506597810373775,1.57763671875,668.3915870209219,1.0670451994203287,0.2477345771470517,False
a2fd6176c7695739,3688,pedestrian,turning,1.353692575753151,1.273681640625,982.9152339517475,1.0674683507702343,0.25121642946650863,False
a2fd6176c7695739,3689,pedestrian,turning,2.5228613706561847,2.48095703125,242.2900885572061,0.45194989072215735,0.3426149297998041,False
a2fd6176c7695739,3690,pedestrian,straight,6.855493034689295,5.78759765625,16.14963633668981,0.10233365706119847,1.2971490566350998,False
a2fd6176c7695739,3691,pedestrian,turning,1.017761367729212,0.741455078125,541.5106237656714,0.8881789848613568,0.1846002561176173,False
a2fd6176c7695739,3693,pedestrian,turning,1.6958561390398517,1.655029296875,600.0966229841637,0.7623477773972271,0.38944900676411354,False
a2fd6176c7695739,3694,pedestrian,turning,2.335481723604659,0.609130859375,98.83262041443714,0.22473247784997266,1.0933589581507854,False
a2fd6176c7695739,3695,pedestrian,straight,12.342203686229437,5.33056640625,31.230418882465667,0.08973402508550114,1.3808294325945578,False
a2fd6176c7695739,3696,pedestrian,straight,10.881246929973496,9.709228515625,21.340743309201333,0.09432802727856363,1.417295709399159,False
a2fd6176c7695739,3697,pedestrian,straight,12.181923779647361,5.544921875,33.44649996207731,0.08625308743980263,1.3680056005833416,False
a2fd6176c7695739,3698,pedestrian,stationary,0.07911973909241497,0.103515625,2815.7316023622047,1.8526301145279607,0.15246898907708722,False
a2fd6176c7695739,3699,pedestrian,turning,3.5705312081759844,3.052490234375,105.40511190343565,0.2919187868987253,0.6945214793328675,False
a2fd6176c7695739,3700,pedestrian,turning,3.1554993997489262,1.656982421875,97.85042965047825,0.1481569122052278,1.0538068377207914,False
a2fd6176c7695739,3707,pedestrian,turning,3.4278987051760352,2.13427734375,229.76494538823158,0.5531490786160035,0.8153939597389143,False
a2fd6176c7695739,3713,pedestrian,straight,4.722734879753375,4.24755859375,25.700376754950003,0.12808196851230474,1.4843023689313117,False
a2fd6176c7695739,3714,pedestrian,turning,5.078622842007111,2.605224609375,56.76076153123687,0.24562071412707567,1.4014336852952192,False
a2fd6176c7695739,3724,pedestrian,turning,10.711890074638463,4.691650390625,107.3024242455705,0.13041827535670975,1.4374273291300166,False
a2fd6176c7695739,3725,pedestrian,turning,8.173979075324363,3.263427734375,67.9733576335836,0.09198247857534868,0.9501701605321049,False
a2fd6176c7695739,3726,pedestrian,turning,4.4957837661615745,4.129150390625,503.2543643026828,0.5308904126399269,1.1911093066792575,False
a2fd6176c7695739,3733,pedestrian,turning,4.90379344888848,4.34521484375,156.05250224439158,0.22163567210615698,1.3715682535207736,False
a2fd6176c7695739,3737,pedestrian,turning,1.8510122044790545,1.66748046875,92.0477797194548,0.2611463333323779,0.5723188212819086,False
a2fd6176c7695739,3743,pedestrian,turning,13.722218668036746,3.90478515625,58.988101617633156,0.0941402513673653,1.5525691668963462,False
a2fd6176c7695739,3744,pedestrian,stationary,0.14767521327726463,0.389892578125,1787.5724635927313,1.8315525401114177,0.41763089162524886,False
a2fd6176c7695739,3746,pedestrian,turning,7.881476392073299,4.53271484375,79.37578935519338,0.1259591434373144,0.935255699375448,False
a2fd6176c7695739,3747,pedestrian,turning,1.5988130601834458,0.61767578125,804.4118547233098,0.9714016826230646,0.3755262702796892,False
a2fd6176c7695739,3775,pedestrian,straight,2.8261612138632763,2.729736328125,22.743117758736453,0.12107450983751745,1.2383356495335665,False
a2fd6176c7695739,3776,pedestrian,turning,1.048661835059783,0.6025390625,588.0244781643069,1.365592833811371,0.3217776224458698,False
a2fd6176c7695739,3778,pedestrian,turning,3.303066976844228,2.825927734375,93.12791370007515,0.2193208650498292,1.1906973574187933,False
a2fd6176c7695739,3798,pedestrian,stationary,0.10486173790975245,0.428955078125,1683.6954006618996,1.785581450587812,0.23125674038580474,False
a2fd6176c7695739,3799,pedestrian,turning,1.0042011480953739,0.853759765625,2532.4885949382774,2.016316894624351,0.8279018897966574,False
a2fd6176c7695739,3806,pedestrian,stationary,0.23293638581505116,0.362548828125,438.8406957146883,1.7139663673492045,1.022457497628128,False
a2fd6176c7695739,3824,pedestrian,turning,6.4833241266105155,6.309326171875,119.78800605028448,0.10075369533837936,1.4682471884310886,False
a2fd6176c7695739,3832,pedestrian,turning,2.7386375336948516,1.988525390625,805.7955370092124,0.7391790038835058,0.5969272858130601,False
a2fd6176c7695739,3834,pedestrian,turning,3.038220570890928,2.800048828125,60.50609097032804,0.3134524611264073,1.6441653487214127,False
a2fd6176c7695739,3837,pedestrian,turning,3.5154422818491375,3.138671875,128.9483761709971,0.3741356350394956,1.0698376601411954,False
a2fd6176c7695739,3844,pedestrian,turning,3.216910394403823,0.25048828125,103.91606587428208,0.36034575167325983,1.170048395306619,False
a2fd6176c7695739,3857,pedestrian,turning,1.8888007773876914,1.807861328125,137.4648471005875,0.3505305239398542,1.0997645226304664,False
a2fd6176c7695739,3859,pedestrian,stationary,0.7267083155018853,0.52978515625,744.6394114229548,1.4958164841163226,0.8651936120993395,False
a4956b27f127a67c,5217,cyclist,turning,26.498572014175327,24.48974609375,36.742876212554414,0.07845020988869424,2.9512825081811838,False
a88c2e80c838f153,2233,pedestrian,erratic,3.0130510265493746,1.518310546875,27.00593070899346,0.15269223795037848,1.5160463180617822,False
a88c2e80c838f153,2238,pedestrian,straight,6.213525447653754,4.6319580078125,29.991102894340067,0.1353360741713231,1.179545163718139,False
a88c2e80c838f153,2244,pedestrian,turning,1.094139091220967,1.121337890625,302.4481094162145,0.8062106292883872,0.5110689884907742,False
a8c2bfa46d9e6c4,3352,pedestrian,stationary,0.7495384385505978,0.28369140625,539.1096994221635,1.4705069088481657,1.0999189280440471,False
a8c2bfa46d9e6c4,3361,pedestrian,turning,5.543645235467306,5.50830078125,147.65810906593592,0.24714964015829904,1.0571098758099429,False
a8c2bfa46d9e6c4,3363,pedestrian,stationary,0.8913682546717456,0.7548828125,356.6894995253005,0.7324137094910933,0.5233547636111517,False
a8c2bfa46d9e6c4,3364,pedestrian,turning,7.027890250397457,3.38330078125,47.62943186335484,0.14547665319692726,1.4006430803868373,False
a8c2bfa46d9e6c4,3372,pedestrian,turning,7.007274407148666,4.06591796875,55.713279991438185,0.1794841371028129,1.2644475029704787,False
a8c2bfa46d9e6c4,3379,pedestrian,stationary,0.6438371562289624,0.369140625,735.576392553518,1.558181057984275,0.7264287535890644,False
a8e30be9dafe6a02,2133,pedestrian,straight,6.638180972986521,5.9044189453125,22.96331274612697,0.07934048172811962,1.6644107054361186,False
a8e30be9dafe6a02,2152,pedestrian,turning,2.522984812496323,2.0701904296875,101.34584938223135,0.1824094387360365,1.09763810070837,False
a991619cfc4f2216,1956,pedestrian,stationary,0.2093696251933725,0.2265625,1012.3860366059471,1.5477127623134102,0.1332165556736458,False
a991619cfc4f2216,1964,pedestrian,straight,5.37895314536225,5.33984375,20.96240118175913,0.032852366140513865,2.847314938092347,False
a991619cfc4f2216,1989,cyclist,turning,20.347035718402324,18.4775390625,63.25558192121664,0.09002213745912327,4.326473926937408,False
ac977a0854771c7f,1458,pedestrian,stationary,0.14097859379844724,0.082275390625,1059.5531874556282,1.9086588796359418,0.1442540088789224,False
ac977a0854771c7f,1475,pedestrian,turning,4.690827707327785,2.921142578125,70.08328636406851,0.11257585539973063,1.394676969031872,False
ae92386e0686d4d6,2732,pedestrian,straight,15.038558483843213,6.669921875,24.426144173400136,0.07912911124074169,1.6774430593961354,False
ae92386e0686d4d6,2733,pedestrian,turning,11.707814083203624,7.550537109375,49.866696770568204,0.10550682978338871,1.311842899851513,False
ae92386e0686d4d6,2735,pedestrian,straight,10.49760334231231,4.3837890625,28.278135419991585,0.07884600996263799,1.1707615185410953,False
ae92386e0686d4d6,2737,pedestrian,turning,8.669731713822207,3.80419921875,35.08115879586156,0.11489498496909761,1.4831086785398309,False
ae92386e0686d4d6,2739,pedestrian,stationary,0.05346693622449021,0.0830078125,1262.6585839265551,2.091944648077462,0.11668517164752443,False
ae92386e0686d4d6,2753,pedestrian,turning,13.032057664504963,5.891357421875,57.80153882547312,0.1331760063480292,1.4936932713692153,False
ae92386e0686d4d6,2758,pedestrian,turning,6.099911705779282,5.513916015625,35.15290755840927,0.13940549731256824,1.8741141026908124,False
ae92386e0686d4d6,2760,pedestrian,turning,4.141863801367423,2.14794921875,114.65754785898021,0.29967293619438345,1.736848605671054,False
ae92386e0686d4d6,3575,cyclist,turning,33.495431425035896,20.51025390625,45.651767198303084,0.09581251458961805,4.134608809257151,False
b065dcb23730589b,4583,pedestrian,turning,13.19035136777921,9.84033203125,92.31129833486004,0.10401086814424428,2.67528557852039,False
b065dcb23730589b,8044,cyclist,straight,28.137825771057557,12.88427734375,15.48265922357579,0.03881256699407575,3.1318569086549863,False
b26ba622ddc9d7d8,3823,pedestrian,turning,9.43337639189021,1.56640625,77.2073881335945,0.16340239536590526,1.190973190185972,False
b26ba622ddc9d7d8,3826,pedestrian,turning,3.4197958569535376,1.8277587890625,57.41448928389937,0.14613516259957937,1.1258814013820115,False
b26ba622ddc9d7d8,3831,pedestrian,turning,5.317769500151481,1.216064453125,37.60241340878834,0.11222125804706701,1.2481162399906065,False
b5b52effcbc11899,1150,pedestrian,turning,3.731067741198275,3.16845703125,612.6460284752312,0.6411569412691175,0.5637988230850604,False
b5b52effcbc11899,1152,pedestrian,stationary,0.1997585090381283,0.418701171875,1020.7881158970894,1.9262199217463825,1.1272270386173742,False
b5b52effcbc11899,1154,pedestrian,stationary,0.1513868749797607,0.40283203125,1179.3233522850824,1.7224780788445881,0.4642656387706228,False
b5b52effcbc11899,1156,pedestrian,stationary,0.6963421773246937,0.172119140625,1058.5245044157675,1.9403031936829906,1.4845648345294193,False
b5b52effcbc11899,1158,pedestrian,stationary,0.8115502087966324,1.332275390625,1461.4012205278004,1.771912930889961,2.03306129943925,False
b5b52effcbc11899,1165,pedestrian,stationary,0.5218432045576284,0.98876953125,496.81904775638276,1.633107961830297,1.3735477730669716,False
b682b4171243133d,1243,pedestrian,straight,11.45940854739072,10.184410095214844,26.777987787421747,0.0890979108191981,1.4050662081239043,False
b682b4171243133d,1251,pedestrian,turning,3.353747246135652,3.3560028076171875,357.51219756728034,0.9167185210173746,1.2163484442534536,False
b682b4171243133d,1253,pedestrian,turning,3.836282334031594,3.760467529296875,485.88095604232166,0.49434981331946487,0.8201858584784913,False
b682b4171243133d,1257,pedestrian,turning,18.40185404699444,15.749641418457031,146.03197560766384,0.11185282805052002,2.4479542708069655,False
b682b4171243133d,1270,pedestrian,stationary,0.27514854279017253,0.2819633483886719,617.8606248419147,2.081081140132355,1.1718510311704629,False
b6c121ee6748be2e,2728,pedestrian,straight,11.633414935005243,8.9716796875,26.19772107308479,0.08537190907476537,1.2997439240809268,False
b6c121ee6748be2e,2729,pedestrian,turning,11.275402719956054,8.7587890625,43.684123676890025,0.08287562631323347,1.2706262005337243,False
b6c121ee6748be2e,2743,pedestrian,straight,3.0401055671532253,2.3515625,19.475070165343222,0.1375692902750432,1.327759634074991,False
b6c121ee6748be2e,2766,pedestrian,turning,2.7746684177007594,1.8251953125,45.435395505687104,0.11239191867926529,1.172002848483854,False
b6c121ee6748be2e,2768,pedestrian,straight,2.37328598010939,1.6396484375,28.76712611148403,0.12659923099124437,1.0863154123904493,False
b6c121ee6748be2e,2770,pedestrian,stationary,0.15220596734077355,0.6298828125,821.5586392481048,2.0979602155346573,1.1947970708986615,False
b6c121ee6748be2e,2777,pedestrian,turning,4.269173512038496,2.5966796875,173.55697769507148,0.24296280067822051,1.170406256629496,False
b6c121ee6748be2e,2779,pedestrian,turning,4.087998667171806,0.576171875,36.087838587577664,0.08043157669191685,1.150765597996452,False
b6c121ee6748be2e,2780,pedestrian,turning,2.964428456689266,0.548828125,158.8411238077262,0.2543927718938432,1.0913912232985394,False
b9b6970d43d979e6,765,pedestrian,turning,3.4551677271738117,3.0556640625,64.79882860069644,0.1606429161716354,1.694910461704212,False
bf5644083714297,1971,pedestrian,straight,16.29519805630717,4.51409912109375,25.02361748966139,0.08868228961123883,1.8565394203826404,False
bf5644083714297,1974,pedestrian,turning,7.109042809462285,6.434906005859375,42.22230507950965,0.15563470405126467,0.8467003213692519,False
c09abcd4fd5504eb,1470,pedestrian,turning,1.0387775919677613,1.15380859375,1512.9958175124978,1.8234685990893131,2.2622069631622503,False
c37fa6a0a21345f3,2886,pedestrian,stationary,0.8440639476912002,0.988037109375,864.990668006579,1.2147658386428448,0.298176806590379,False
c37fa6a0a21345f3,2907,pedestrian,stationary,0.5992120675282587,0.576171875,1295.517831649194,1.8838272777396967,1.2032507535556267,False
c37fa6a0a21345f3,2913,pedestrian,turning,1.2426245058644096,1.2744140625,323.4450635950419,1.097408981505637,0.5699500436607876,False
c37fa6a0a21345f3,2922,pedestrian,turning,1.1365069424693661,1.745361328125,1286.0506877318778,1.928080909379468,2.860297763195817,False
c37fa6a0a21345f3,2925,pedestrian,turning,6.8784353386394335,5.757080078125,55.18742945079285,0.15191199852450205,1.0596287937285782,False
c37fa6a0a21345f3,2926,pedestrian,stationary,0.13812793918434094,0.1005859375,1115.9447264805053,1.9243120361051183,0.4268601584460366,False
c37fa6a0a21345f3,2928,pedestrian,stationary,0.044140868059687546,0.257080078125,462.78100384694136,1.6287334278858854,0.7867131465623081,False
c37fa6a0a21345f3,2932,pedestrian,stationary,0.692202782731303,0.191162109375,261.6572216292129,0.98776335277772,0.3155166994081148,False
c37fa6a0a21345f3,2934,pedestrian,stationary,0.06513981161252527,0.1494140625,853.5629995991679,1.9194183962876106,0.15770659642150675,False
c37fa6a0a21345f3,2952,pedestrian,straight,3.071713523462511,2.663818359375,19.886399081205855,0.12459056452437506,1.4012971982883182,False
c37fa6a0a21345f3,2963,pedestrian,stationary,0.06443555187754785,0.12060546875,1197.893354500321,1.8262840190883118,0.36705634629450423,False
c511128eee46dcc1,1009,pedestrian,stationary,0.16286064622213256,0.10595703125,1217.0905481918212,1.819858039586637,0.3019767407757,False
c511128eee46dcc1,1010,pedestrian,turning,2.489905242112703,2.48876953125,438.682223929256,0.6939216753776435,0.7278567983496582,False
c6d3e9d6c619e786,1341,pedestrian,stationary,0.5109023687259693,0.12237548828125,981.7230533403686,1.3097684664422409,0.15243282221799045,False
c6d3e9d6c619e786,1345,pedestrian,turning,4.529872451817747,4.51885986328125,80.42295473788906,0.20453718118683728,1.039796950718558,False
c92f5e81941151a4,96,pedestrian,stationary,0.16109026722884848,0.15185546875,1274.1239836780599,1.8293132504608378,0.10123499629898117,False
c92f5e81941151a4,97,pedestrian,straight,14.540832582427152,6.649658203125,19.65918787044686,0.035239906516583104,1.6357427614307811,False
c92f5e81941151a4,98,pedestrian,stationary,0.13782516741328155,0.0634765625,937.8854044473107,0.8292792279893161,0.11683573130771203,False
c92f5e81941151a4,99,pedestrian,turning,9.958237755621376,4.4150390625,41.365350871250925,0.08656667388037746,1.1322618990396296,False
c92f5e81941151a4,101,pedestrian,turning,9.289193247908818,4.167724609375,54.2570951968961,0.12044192314368203,1.3199629605085854,False
c92f5e81941151a4,102,pedestrian,turning,3.6862367329046655,1.5810546875,401.77325078273356,0.2814049515181476,0.8254506313434645,False
c92f5e81941151a4,103,pedestrian,stationary,0.0437890559663521,0.04150390625,2180.4286679538136,1.944767451975372,0.07161320536795134,False
c92f5e81941151a4,105,pedestrian,stationary,0.06025391119612267,0.073974609375,772.9869894501772,1.8924223172106214,0.11817951039791467,False
c92f5e81941151a4,115,pedestrian,straight,6.284171577928553,2.663818359375,30.130423133584916,0.1429170840655061,1.4370455167024558,False
c92f5e81941151a4,127,pedestrian,stationary,0.0048644674914968935,0.0908203125,1268.878339541451,1.8590193322912474,0.20782286698766086,False
c92f5e81941151a4,133,pedestrian,turning,8.0906815548626,3.056884765625,38.6760246474792,0.07060955905839635,1.231120907891012,False
c92f5e81941151a4,134,pedestrian,stationary,0.7057334939652735,0.760009765625,744.9188468605173,0.9726073845415198,0.33576249758428156,False
c92f5e81941151a4,136,pedestrian,turning,8.895298877372609,5.93896484375,231.42818979164892,0.2902606006804728,1.2481859966994908,False
c92f5e81941151a4,144,pedestrian,stationary,0.1662883089858106,0.081298828125,435.2670455809067,2.032372116890678,0.1720333343890695,False
c92f5e81941151a4,149,pedestrian,stationary,0.20427805739147817,0.184326171875,888.8096367879438,1.3346493217902398,0.17870463637141304,False
c92f5e81941151a4,153,pedestrian,straight,5.190455669004308,2.09521484375,22.171154958304946,0.12168555567127357,1.3021773157738146,False
c92f5e81941151a4,154,pedestrian,stationary,0.03548552700307685,0.075927734375,715.6806049161285,1.807003166235907,0.19772244128251365,False
c92f5e81941151a4,155,pedestrian,turning,5.148880236204018,5.133544921875,110.74177131302342,0.16000004122752218,0.903826637521522,False
c92f5e81941151a4,162,pedestrian,stationary,0.05804183424655942,0.149169921875,861.9928501977271,1.7220862388474245,0.237889559580908,False
c92f5e81941151a4,168,pedestrian,stationary,0.010614503275550963,0.025390625,725.7611688981189,1.8992535419670329,0.0797696347901978,False
c92f5e81941151a4,187,pedestrian,stationary,0.9554001279004741,0.39794921875,723.064926560191,1.4141928861977375,0.5404726882346647,False
c92f5e81941151a4,197,pedestrian,straight,1.7856581168196446,1.762939453125,18.725262990873286,0.08935455261238968,0.9430579256346989,False
ca7b4a1d5db00144,2460,pedestrian,turning,2.5869330135125086,2.3419189453125,108.00570120345617,0.33682198027603183,0.7527303814646968,False
ca7b4a1d5db00144,2465,pedestrian,turning,4.859875602633727,4.5050048828125,73.0948855900788,0.12287168745162366,1.2423831700522907,False
ca7b4a1d5db00144,2476,pedestrian,turning,1.0517234123646901,1.1397705078125,209.12696269093894,0.5466415427450191,0.7330289252958353,False
cb481a607e0df310,3462,pedestrian,turning,11.511551935717296,11.470458984375,43.54262392473867,0.11837203725050598,1.2981334159339186,False
cb481a607e0df310,3470,pedestrian,stationary,0.17425278496368124,0.19140625,626.3079834499756,1.886484644873533,0.6480763465356277,False
cb481a607e0df310,3472,pedestrian,turning,2.613718328833154,0.1455078125,60.51304353308554,0.1712729969288331,1.4125272494034748,False
cb481a607e0df310,3477,pedestrian,stationary,0.11873351174000701,0.20361328125,947.5097506183508,1.8527908813197056,0.3625108016399375,False
cb481a607e0df310,3478,pedestrian,straight,8.238373044951503,0.6484375,21.074822437313706,0.06788359963561162,1.5288204221408053,False
cb481a607e0df310,3479,pedestrian,turning,6.164464814823627,0.482666015625,39.84307096855862,0.10415716076983873,1.3775791815590428,False
d4940e640de558c5,555,pedestrian,turning,12.036158202726808,10.31787109375,49.14684068520412,0.04335821273924981,1.3713586092342887,False
d53adebfe1178441,590,pedestrian,turning,9.214142903304946,1.479248046875,55.935462453557754,0.1352821774360042,1.4137772615945385,False
d53adebfe1178441,597,pedestrian,turning,5.428150319266578,0.149169921875,35.98287208079671,0.17203455078754626,1.8878515406084166,False
d53adebfe1178441,599,pedestrian,stationary,0.06445847113429577,0.115234375,834.9252141432444,1.730249561671935,0.12265034985590781,False
d53adebfe1178441,600,pedestrian,straight,5.081739501216973,0.1298828125,25.85836389210561,0.11387556156609929,1.6474900854819943,False
d84357e99e171a20,57,pedestrian,straight,11.961366851296466,0.423828125,20.414313342090306,0.04166877136866501,1.3614387769653182,False
d84357e99e171a20,59,pedestrian,straight,3.4045449635403116,3.4033203125,18.821828410586583,0.10760688880811807,1.2656275195048294,False
dc00dc6dbcdf9802,1409,pedestrian,stationary,0.39866153178102987,0.1484375,1523.0690426033714,1.9228088278314452,0.272427695641448,False
dc00dc6dbcdf9802,1416,pedestrian,stationary,0.14369744708528445,0.091796875,554.108610283136,1.601365981062931,0.17581958474449244,False
dff38e4f1d8a7c42,206,pedestrian,erratic,2.517643006571132,2.373779296875,33.957929068523505,0.1915049766312334,0.9815824186462097,False
e3d1b5e3c9e05d41,1609,pedestrian,turning,13.739034988551166,9.9898681640625,36.92818480898402,0.08482493939781853,1.5591855241949397,False
e3d1b5e3c9e05d41,1610,pedestrian,stationary,0.07037004295081253,0.1007080078125,2110.0981219154814,1.9688023886803683,0.24199492538531667,False
e3d1b5e3c9e05d41,1611,pedestrian,stationary,0.035933048682687554,0.2757568359375,2179.6418385933475,1.6286253493784002,0.21402848563780094,False
e3d1b5e3c9e05d41,1612,pedestrian,stationary,0.14056523695588335,0.1263427734375,1911.3203342421932,1.9405343752200526,0.08818658695878145,False
e3d1b5e3c9e05d41,1613,pedestrian,stationary,0.5768805027549591,0.3662109375,1257.5837402531815,1.916855213620137,0.244031916599096,False
e3d1b5e3c9e05d41,1614,pedestrian,turning,3.7966659166330246,3.7044677734375,458.2007888219163,0.5469781327876276,0.6432844941785427,False
e3d1b5e3c9e05d41,1615,pedestrian,stationary,0.013027288902887875,0.05224609375,1628.8658588131032,1.9935724899151845,0.15697702083791623,False
e3d1b5e3c9e05d41,1616,pedestrian,stationary,0.29512299736118314,0.5606689453125,1283.483538132383,1.9760017676007002,0.4167326184253518,False
e3d1b5e3c9e05d41,1617,pedestrian,stationary,0.8015192331161243,0.272705078125,207.45343801121456,0.7589845214209225,0.31400990163592124,False
e3d1b5e3c9e05d41,1622,pedestrian,stationary,0.19253867753172837,0.1812744140625,1855.6890741380048,1.8105168890998784,0.1364706824740537,False
e3d1b5e3c9e05d41,1625,pedestrian,straight,6.043310274116141,5.5809326171875,28.312152604928986,0.11449153490537228,1.1458722679118047,False
e3d1b5e3c9e05d41,1629,pedestrian,straight,3.76010089274278,3.2589111328125,23.496893996130762,0.1058720255784563,1.3028250571579592,False
e6992acc4551b1c1,369,pedestrian,stationary,0.09835686181261072,0.12109375,1443.7785079361481,1.920341237581987,0.3366109035406848,False
e9653159c09f5c72,4373,pedestrian,turning,8.313449106313366,5.206787109375,45.94488164387184,0.08862104918923493,0.9588135079126654,False
e9653159c09f5c72,4374,pedestrian,turning,12.347860719580215,5.0213623046875,37.215836652755804,0.08646113769782227,1.383417377130673,False
e9653159c09f5c72,4375,pedestrian,straight,10.882901993716963,9.5408935546875,32.24075998020009,0.0970334724737376,1.2165969243165335,False
e9653159c09f5c72,4378,pedestrian,turning,6.753521849292749,5.2830810546875,64.40537415649737,0.11849973476048549,0.7719827683121588,False
e9653159c09f5c72,4396,pedestrian,crossing,4.450573488046386,1.2784423828125,462.2957220142242,0.3808877712100193,1.296851136439445,True
e9653159c09f5c72,4398,pedestrian,turning,10.840194163801666,0.4012451171875,36.318166425487675,0.11676514620819174,1.2106368482202077,False
e9653159c09f5c72,4402,pedestrian,turning,8.514287850626209,0.3826904296875,41.87173335345342,0.08232284187445296,1.2474858865220189,False
e9653159c09f5c72,4410,pedestrian,turning,7.541726783035125,5.0654296875,51.67206951978345,0.13466014498757733,0.9725424923494577,False
e9653159c09f5c72,4415,pedestrian,turning,2.2585799585935384,0.7403564453125,276.13744034268495,0.4635706108499976,0.8676818651975706,False
e9653159c09f5c72,4416,pedestrian,straight,11.090462324406385,0.455078125,22.806858922468983,0.07930902460489363,1.2792717111086356,False
e9653159c09f5c72,4423,pedestrian,turning,10.83325920476983,9.288818359375,41.95617091382108,0.09192497444585622,1.2178799199181942,False
e9653159c09f5c72,4424,pedestrian,stationary,0.8113123576763097,0.75439453125,813.9105989377439,1.981088242971019,1.3739566807991133,False
e9653159c09f5c72,4434,pedestrian,turning,1.6532363870300535,1.6531982421875,531.7907752922744,0.7193298448037717,0.4180928357828805,False
e9653159c09f5c72,4439,pedestrian,straight,13.601305267885875,2.5462646484375,28.94415419925802,0.09000620422794918,1.7324165995564935,False
e9653159c09f5c72,4449,pedestrian,turning,1.1735133861482043,1.0670166015625,872.5792967661887,1.987243207922525,2.4974155317194353,False
eb2e689ca1fdb0cf,3190,pedestrian,turning,4.263274123144108,2.765625,751.479588449073,0.7332982247089854,0.7911955920044125,False
eb2e689ca1fdb0cf,3192,pedestrian,turning,1.919820156099905,1.181640625,835.8456614425851,1.1336381424304036,0.521759860380147,False
ed1eb2d48dee32a,1952,pedestrian,stationary,0.08934072474812679,0.70361328125,407.81666326646234,1.6916133114589105,1.4709652806497509,False
ee5e5fe91cd6c6e7,3036,pedestrian,stationary,0.13140964109057235,0.074462890625,699.1096389189345,1.5810135781319596,0.11775945644065156,False
ee5e5fe91cd6c6e7,3037,pedestrian,straight,5.8823843163116365,5.681884765625,28.425955047124962,0.09998663976251156,1.058710030376905,False
ee5e5fe91cd6c6e7,3038,pedestrian,straight,3.770012369236778,3.364990234375,21.668023024478384,0.09429923150488914,1.4549497002658185,False
ee5e5fe91cd6c6e7,3039,pedestrian,turning,4.485190772578383,2.14697265625,58.93319123932518,0.1198887484329681,0.7480075801360178,False
ee5e5fe91cd6c6e7,3040,pedestrian,turning,6.299192930791022,3.053466796875,46.63941343293597,0.1555050099164838,1.2350051426263944,False
ee5e5fe91cd6c6e7,3041,pedestrian,stationary,0.20096940898119903,0.194091796875,828.1533072686375,1.9337078833805124,0.2779101567553338,False
ee5e5fe91cd6c6e7,3042,pedestrian,stationary,0.13939403489484015,0.15478515625,1846.8159034899465,1.8627383194546,0.17750572068715587,False
ee5e5fe91cd6c6e7,3043,pedestrian,straight,6.3597921766527366,5.79736328125,21.551677755856293,0.09975939813440517,1.3294959071048227,False
ee5e5fe91cd6c6e7,3044,pedestrian,stationary,0.13035972059840306,0.134765625,1444.385344544709,1.8201765482670427,0.20556639420672546,False
ee5e5fe91cd6c6e7,3046,pedestrian,turning,6.32304844268555,6.054443359375,44.48704393486067,0.12587788255197055,1.1208574512192115,False
ee5e5fe91cd6c6e7,3047,pedestrian,stationary,0.05404241751171536,0.227294921875,907.6042716320886,1.5976715669788335,0.4024264083920031,False
ee5e5fe91cd6c6e7,3048,pedestrian,stationary,0.13362729950756008,0.10595703125,1290.8017509346682,1.8846908750657194,0.15299682791999555,False
ee5e5fe91cd6c6e7,3050,pedestrian,straight,6.056629259627183,5.53515625,24.460214888430357,0.08320048044218775,1.3509662442186243,False
ee5e5fe91cd6c6e7,3051,pedestrian,turning,11.973567354219197,5.00634765625,35.04354863693531,0.0950526037451591,1.3516096030960605,False
ee5e5fe91cd6c6e7,3052,pedestrian,straight,6.426329026455144,5.87109375,22.68601642914362,0.0872831874521364,1.372829837273012,False
ee5e5fe91cd6c6e7,3053,pedestrian,turning,1.0501722889852978,0.7236328125,802.2334491066687,0.9926394574903238,0.2547470774470699,False
ee5e5fe91cd6c6e7,3054,pedestrian,stationary,0.08441795386048206,0.132080078125,1289.2495018551317,1.7657377844180173,0.22118370240320995,False
ee5e5fe91cd6c6e7,3056,pedestrian,turning,10.334580999933394,4.48193359375,35.73392349580108,0.10309569365138133,1.1953792517583248,False
ee5e5fe91cd6c6e7,3059,pedestrian,stationary,0.15626621162236548,0.160400390625,3709.9950807662904,1.9563430198796332,0.21905355006860608,False
ee5e5fe91cd6c6e7,3060,pedestrian,stationary,0.290720642923464,0.233154296875,863.1365052410162,1.5968733239583912,0.21420604635327437,False
ee5e5fe91cd6c6e7,3061,pedestrian,turning,5.3502178758304115,1.866943359375,66.61604630861875,0.1457406499179851,1.1520520697541194,False
ee5e5fe91cd6c6e7,3062,pedestrian,turning,6.179823429045031,5.727783203125,175.76252918882253,0.16738585002816095,1.3833819139228296,False
ee5e5fe91cd6c6e7,3063,pedestrian,turning,1.452038779412126,0.860107421875,514.8791506833082,1.1153818203647916,1.4651716614749397,False
ee5e5fe91cd6c6e7,3064,pedestrian,turning,2.785633554528932,2.498779296875,74.19002399520727,0.32596796377306403,1.452632526602597,False
ee5e5fe91cd6c6e7,3065,pedestrian,turning,1.167924561190907,0.93115234375,940.3320064613462,1.6231915999146485,0.3239348057024859,False
ee5e5fe91cd6c6e7,3066,pedestrian,stationary,0.1552857208191791,0.3203125,1625.6485168761885,1.588394232169027,0.21849839655820386,False
ee5e5fe91cd6c6e7,3071,pedestrian,stationary,0.08909360108351397,0.162109375,1651.62469979436,1.8422937203729748,0.3071017877812292,False
ee5e5fe91cd6c6e7,3072,pedestrian,stationary,0.9111040280488051,0.9208984375,656.838451712868,1.538430694251449,1.476735416834506,False
ee5e5fe91cd6c6e7,3075,pedestrian,stationary,0.14980991757251522,0.27880859375,685.7860657484031,1.8511417246121593,0.39239721151658713,False
ee5e5fe91cd6c6e7,3076,pedestrian,stationary,0.4764753949966767,0.191650390625,458.401746427885,0.9091228559172526,0.29030712949416093,False
ee5e5fe91cd6c6e7,3083,pedestrian,stationary,0.28889545562863234,1.30078125,620.7238997864073,1.8663678097248386,1.6997088661204238,False
ee5e5fe91cd6c6e7,3088,pedestrian,turning,5.679202861914271,1.407470703125,78.54534685475402,0.1469911866021981,1.8170514504959465,False
ee5e5fe91cd6c6e7,3090,pedestrian,erratic,2.0763933704179722,1.702880859375,33.80433949077468,0.240963486343069,1.1114757616280915,False
ee5e5fe91cd6c6e7,3091,pedestrian,turning,10.249126120857586,4.572021484375,53.09759358352094,0.10409731282207182,1.1739476341499924,False
ee5e5fe91cd6c6e7,3101,pedestrian,turning,2.9710122573995155,1.18408203125,46.68726725622151,0.1629822454492686,1.5993078545824284,False
ee5e5fe91cd6c6e7,3108,pedestrian,turning,5.953007405288556,1.40380859375,74.89054203607739,0.11139973675395712,2.3683404192437068,False
ee5e5fe91cd6c6e7,3111,pedestrian,erratic,2.288873179682031,0.653076171875,31.447254126828838,0.20508539010473215,0.8258168364052033,False
ee5e5fe91cd6c6e7,3121,pedestrian,turning,8.64346582110382,3.7705078125,51.018062464620954,0.1314445622636057,1.0374635830369983,False
ee5e5fe91cd6c6e7,3127,pedestrian,turning,8.29788311798212,3.164794921875,54.960552377355036,0.12220220813204702,1.007830849077458,False
ee5e5fe91cd6c6e7,3131,pedestrian,stationary,0.4670497735932723,0.5361328125,645.4586428621598,1.6931776836661014,0.4274514350200468,False
ee5e5fe91cd6c6e7,3134,pedestrian,stationary,0.1873863193485202,0.492431640625,961.0485720437335,1.42262133364613,0.2128707546685697,False
ee5e5fe91cd6c6e7,3137,pedestrian,stationary,0.5969451588444996,0.445068359375,869.3748727858132,1.7844685514284044,1.756224890899884,False
ee5e5fe91cd6c6e7,3138,pedestrian,turning,10.364601707522082,3.925048828125,130.83011401740416,0.22131726558044948,1.3623946846290846,False
ee5e5fe91cd6c6e7,3142,pedestrian,stationary,0.15083722276397388,0.150634765625,1569.629152655222,2.1309078350818162,0.32903009278533324,False
ee5e5fe91cd6c6e7,3143,pedestrian,stationary,0.21833393856382083,0.165771484375,1465.4347396733745,1.665437575364193,0.21971627465167787,False
ee5e5fe91cd6c6e7,3144,pedestrian,stationary,0.0712335448755358,0.302001953125,1116.995262201538,1.8286778393737764,0.35908568253281453,False
ee5e5fe91cd6c6e7,3147,pedestrian,turning,7.845836719935782,3.400390625,39.15849615163388,0.11939478298343167,1.015428460755776,False
ee5e5fe91cd6c6e7,3158,pedestrian,turning,3.998283280472693,1.675048828125,51.3898544895426,0.18552847928467922,1.3133683073014681,False
ee5e5fe91cd6c6e7,3161,pedestrian,turning,6.551438091105807,3.219482421875,37.944118698954874,0.10741581853554884,1.0508334041082914,False
ee5e5fe91cd6c6e7,3185,pedestrian,turning,1.5727407223357037,0.1279296875,59.037534341744006,0.21489638695585747,0.6188509862259246,False
ee5e5fe91cd6c6e7,3190,pedestrian,turning,3.3732270886775337,0.651611328125,206.86215964208589,0.3613661110270288,0.5546991278500217,False
ee5e5fe91cd6c6e7,3194,pedestrian,turning,6.637096755751222,3.322509765625,101.10086749532344,0.18263802449557118,1.0639258835751302,False
ee5e5fe91cd6c6e7,3200,pedestrian,turning,4.0393901891244255,3.155517578125,1246.874540123865,0.7326063227120769,0.8041703443519671,False
ee5e5fe91cd6c6e7,3205,pedestrian,turning,6.463678520043839,2.798828125,74.21896478371706,0.15525971626449186,1.238542793200792,False
ee5e5fe91cd6c6e7,3212,pedestrian,stationary,0.15508983961775552,0.39306640625,838.6213878866126,1.6724636585056978,0.844680404155024,False
ee5e5fe91cd6c6e7,3215,pedestrian,stationary,0.3348958922643694,0.22119140625,1016.84902130811,2.151229394651958,0.5085900528613521,False
ee5e5fe91cd6c6e7,3220,pedestrian,stationary,0.07936157067902824,0.09033203125,1230.8122261685269,1.7271001258951553,0.11899109634583616,False
ee5e5fe91cd6c6e7,3222,pedestrian,straight,7.380360178887325,2.72802734375,25.126088725824644,0.09648701296874676,1.898565045832605,False
ee5e5fe91cd6c6e7,3237,pedestrian,turning,1.8733542053948025,0.79345703125,40.5306243818365,0.2191341182550151,0.9988687564467102,False
ee5e5fe91cd6c6e7,3241,pedestrian,turning,3.1595173179236666,2.7470703125,350.2139874703306,0.5861195997458505,1.1482340246379936,False
ee5e5fe91cd6c6e7,3252,pedestrian,stationary,0.3970177168568263,0.408447265625,502.0450571132764,1.739795622534001,0.8551467528128851,False
ee5e5fe91cd6c6e7,3260,pedestrian,stationary,0.224692420534205,0.502685546875,1071.5874961585432,1.3528657852842265,0.4037830102523468,False
ee5e5fe91cd6c6e7,3263,pedestrian,stationary,0.19393669024736993,0.181396484375,503.9829388049485,1.899591738871869,0.465249313826955,False
ee5e5fe91cd6c6e7,3279,pedestrian,turning,2.1377415310048744,1.741455078125,88.91415883021183,0.32474081355923723,0.6988446714160413,False
ee5e5fe91cd6c6e7,3290,pedestrian,stationary,0.24481562571591128,0.295654296875,730.5518640715221,1.4676598133767949,0.597325181714989,False
ee5e5fe91cd6c6e7,3293,pedestrian,turning,1.0993308397199362,1.310546875,267.1712800828721,0.5018529437069175,0.8458819143106728,False
ee5e5fe91cd6c6e7,3300,pedestrian,stationary,0.9846224171162824,0.686767578125,754.7324665493833,1.8461790104101996,1.5990875450693713,False
ee5e5fe91cd6c6e7,3301,pedestrian,stationary,0.0987019815673106,0.12646484375,622.0132914784737,2.2476250819044084,0.40993222391053263,False
ef30c381751c832,3024,pedestrian,straight,10.915127029876759,9.679931640625,28.796201033187696,0.07204534492762978,1.2167866893675903,False
ef30c381751c832,3035,pedestrian,straight,10.039411284922547,8.84619140625,29.42581991044763,0.0791305152170428,1.1584752605549549,False
ef30c381751c832,3037,pedestrian,turning,5.272989098593868,4.6259765625,37.327773714819706,0.14300436896212132,1.181797494732222,False
ef30c381751c832,3046,pedestrian,turning,1.8459000416822267,1.857666015625,375.37477520913546,0.6878386646839384,0.47457269469164154,False
ef30c381751c832,3055,pedestrian,turning,3.926445186515595,3.240966796875,43.97563073839652,0.12610387513368945,1.9067818306897268,False
ef30c381751c832,3067,cyclist,straight,24.082028893735945,21.58203125,17.163794442810655,0.07565321741711188,4.731019974819455,False
f21c5ea7c094490b,1101,pedestrian,stationary,0.08912972038362996,0.064453125,1276.4455923164849,1.94234616738839,0.1065821747178586,False
f21c5ea7c094490b,1102,pedestrian,stationary,0.0527506997307248,0.09716796875,2405.8088769915285,1.8378697699111681,0.14115023416637482,False
f21c5ea7c094490b,1103,pedestrian,stationary,0.25978318492077496,0.24114990234375,1917.9029696586183,1.7606965609840843,0.14250674345773295,False
f21c5ea7c094490b,1128,pedestrian,stationary,0.12970009478342773,0.22979736328125,1998.327346198328,1.9469219695427051,0.3731142455654277,False
f21c5ea7c094490b,1540,cyclist,turning,33.31964079213641,14.402862548828125,97.40755566161447,0.11201034269119678,6.86423808287,False
f21c5ea7c094490b,1543,cyclist,straight,7.13702562112956,7.13604736328125,19.726330407898846,0.10513147770446939,3.5809460654736847,False
f3423644c33320eb,1963,cyclist,straight,20.569178254139285,15.01580810546875,14.084299021380723,0.06545652497697586,7.354814872421583,False
fdc2a8072263b1a2,3400,pedestrian,stationary,0.07197896057633975,0.7255859375,1760.3669985552638,1.962324987145431,2.3674469679082977,False
fdc2a8072263b1a2,3415,pedestrian,stationary,0.135797722522925,0.967529296875,669.9084055552221,1.9480658873484147,1.921476750155979,False
