scenario_id,agent_id,object_type,best_ade,best_fde,heading_change_deg,lateral_motion_m,displacement_m,crossing,uncertainty,is_cyclist
140117c81b4ef9fb,3052,pedestrian,0.3668093182947077,0.5928589167158683,26.40213047338159,4.748779296875,7.750259983408855,False,9.01037676685647,False
140117c81b4ef9fb,4621,cyclist,0.029014369923326528,0.053269639638859057,1545.231402473183,0.02587890625,0.004957016724669666,False,9.01037676685647,True
140117c81b4ef9fb,4622,cyclist,0.521078694442588,0.8736246210546099,9.63502614319843,9.501708984375,17.582471144096704,False,9.01037676685647,True
140117c81b4ef9fb,4623,cyclist,0.8124046286734058,2.193047540386901,8.021774155262904,30.29345703125,33.18460450140213,False,9.01037676685647,True
16a8cd972084277a,4992,pedestrian,3.1689371406381643,6.1780580138668455,22.655947036820667,13.446533203125,13.489685270545346,False,9.010376766856462,False
1870b2208fe4ade9,64,pedestrian,0.4291340172625915,0.7995901825937005,316.4943335912666,0.1455078125,0.09089485308928588,False,9.010376766856464,False
1870b2208fe4ade9,65,pedestrian,0.13119607552810725,0.2518419557597187,991.0777963463148,0.0462646484375,0.055444384314088865,False,9.010376766856464,False
1870b2208fe4ade9,66,pedestrian,0.13524816164056827,0.19058236344649102,1279.3270255476755,0.2293701171875,0.15788651798424,False,9.010376766856464,False
1870b2208fe4ade9,71,pedestrian,1.4192691249159852,2.4122945056433323,40.53576687157947,4.3770751953125,7.590244129514863,False,9.010376766856464,False
1870b2208fe4ade9,141,cyclist,3.7878349040110315,7.221708805803451,22.479200819598102,18.633056640625,23.578432986129382,False,9.010376766856464,True
1870b2208fe4ade9,142,cyclist,0.7888481901967849,2.548083558520439,11.77775343973461,22.370849609375,37.363669875098516,False,9.010376766856464,True
1e41e4f90a5cae0a,424,pedestrian,0.202591546586969,0.4145508531563631,31.84428564336567,0.521728515625,9.605849514085499,False,9.011864559597544,False
1e41e4f90a5cae0a,566,cyclist,1.2899898812834758,3.775855233584244,62.08836436020193,5.1181640625,13.69085757357433,False,9.007897175955742,True
27384099b57a800b,5490,pedestrian,0.11071394498899391,0.16876619737564202,14.631399378181781,7.54296875,9.320213989638928,False,9.010376766856469,False
27384099b57a800b,5491,pedestrian,0.14372759673720875,0.266896925966136,697.243749259776,0.061767578125,0.062080885392983544,False,9.010376766856469,False
27384099b57a800b,5492,pedestrian,1.5999319256071827,3.058764023223245,1075.5781770090484,0.6578369140625,1.1995126879678146,False,9.010376766856469,False
27384099b57a800b,5493,pedestrian,0.25030619185450376,0.8023203077187486,17.660269420892156,7.9365234375,10.147806231663271,False,9.010376766856469,False
2d84b1ab55ab81d3,1529,pedestrian,0.03394500206580633,0.046678541452935006,1070.2401707113802,0.04876708984375,0.05951153090684902,False,9.01186455959754,False
2d84b1ab55ab81d3,1551,pedestrian,2.216774062926948,4.213384824346077,613.8468616768649,1.14324951171875,1.142595728000936,False,9.01186455959754,False
2d84b1ab55ab81d3,1621,cyclist,4.820442648327536,11.740447676963537,43.821769466445154,5.106353759765625,23.553422870046397,True,9.01186455959754,True
2db20518212cdfeb,5560,pedestrian,2.5910346738352636,6.077095212741092,73.62125289995154,7.666015625,8.47857916350548,False,9.011864559597539,False
32275d7231509117,760,pedestrian,0.23175638650604477,0.5353033773090352,10.584752250904076,5.6103515625,8.099061156991905,False,9.010872694579716,False
371a64917512b4c9,7281,pedestrian,0.40206892888421947,0.707756490764973,26.986105877836152,0.8167724609375,5.059887532809666,False,9.010376766856469,False
371a64917512b4c9,7282,pedestrian,0.17577308629963845,0.27927254612024177,28.062512823735666,1.0352783203125,5.130323381311914,False,9.010376766856469,False
371a64917512b4c9,7284,pedestrian,0.2629958639720383,0.4401867211010872,28.99407316767004,4.660888671875,8.265722729406232,False,9.010376766856469,False
371a64917512b4c9,7285,pedestrian,0.5736961775034762,1.2485247805420028,22.566543694209305,6.2779541015625,6.295049962543512,False,9.010376766856469,False
371a64917512b4c9,7286,pedestrian,0.21377981035673713,0.6893475180486098,26.49665975932488,6.5765380859375,6.607761024794171,False,9.010376766856469,False
371a64917512b4c9,7287,pedestrian,0.1356588248045609,0.2439525705101081,24.881657010197163,6.642333984375,6.694698212084435,False,9.010376766856469,False
371a64917512b4c9,7288,pedestrian,0.19135724438278504,0.36575711441483777,8.87883763202778,6.4031982421875,6.407490663648152,False,9.010376766856469,False
371a64917512b4c9,7289,pedestrian,0.15903813751565946,0.35811703905252823,21.218484714704314,5.6923828125,5.721504893695529,False,9.010376766856469,False
371a64917512b4c9,7290,pedestrian,0.16753364195736714,0.35470330032317043,17.574970479413768,6.362060546875,6.365472027724806,False,9.010376766856469,False
371a64917512b4c9,7291,pedestrian,0.24507609302479771,0.4258237063286093,14.767612832505451,0.5087890625,7.657546389069062,False,9.010376766856469,False
371a64917512b4c9,7292,pedestrian,0.09867931520536985,0.11731768683402785,17.219276976055248,0.205078125,7.1960698763582105,False,9.010376766856469,False
371a64917512b4c9,7293,pedestrian,0.2454293278810648,0.8625969842130364,304.18833307044565,0.6219482421875,0.7638816447829652,False,9.010376766856469,False
371a64917512b4c9,7294,pedestrian,0.5722965055121876,1.2695609951926385,23.068886100410623,6.249755859375,7.598430930410719,False,9.010376766856469,False
371a64917512b4c9,7295,pedestrian,0.16119055578725738,0.36463508543811946,16.020037216890078,0.92041015625,7.503805833032444,False,9.010376766856469,False
371a64917512b4c9,7296,pedestrian,0.049001476584622894,0.05138910339316979,24.262273897136183,0.08642578125,7.209030991462708,False,9.010376766856469,False
371a64917512b4c9,7299,pedestrian,0.21419532677736564,0.6019565995793528,14.869242804434677,4.4647216796875,8.915412367669516,False,9.010376766856469,False
371a64917512b4c9,7300,pedestrian,0.11445885565717802,0.18952222126682905,11.183575395522183,0.1068115234375,6.847099526378893,False,9.010376766856469,False
371a64917512b4c9,7301,pedestrian,0.10679993469240893,0.10353498462364598,21.623790228096585,0.2449951171875,6.632797641085998,False,9.010376766856469,False
371a64917512b4c9,7304,pedestrian,0.1752660146846448,0.39303636209374787,11.891323653902935,0.3079833984375,8.132006802257825,False,9.010376766856469,False
371a64917512b4c9,7305,pedestrian,0.09026496201683515,0.10951070869699243,876.6045554082829,0.0684814453125,0.038603952271713114,False,9.010376766856469,False
371a64917512b4c9,7309,pedestrian,0.35289131111417776,0.8669661838723735,24.902125639131555,7.239501953125,7.909859425191409,False,9.010376766856469,False
371a64917512b4c9,7317,pedestrian,0.06947290916633027,0.08438476184099256,1211.0285844910675,0.067138671875,0.04580744387840094,False,9.010376766856469,False
371a64917512b4c9,7342,pedestrian,0.6912499687236355,1.4581709643974907,27.3692446176826,4.203125,8.869231928607642,False,9.010376766856469,False
3a0389c235a0eaa1,1156,pedestrian,0.3678022301579605,1.0236588849029202,28.096325744359657,1.5261688232421875,6.025343983672942,False,9.010872694579719,False
3a79684106fe2fdf,1514,pedestrian,0.2746278738605522,0.45915544585637996,14.793529625428528,3.472991943359375,8.936755536001861,False,9.009880842318958,False
3a79684106fe2fdf,1515,pedestrian,2.987041585931648,6.591581881080042,1012.5710994088337,1.295135498046875,0.7460950138670517,False,9.009880842318958,False
3a7c04d2bd7807eb,4467,pedestrian,0.15289096505938435,0.43571346811312534,38.99062756668322,7.812744140625,8.17915265977165,False,9.01186455959754,False
3a7c04d2bd7807eb,4470,pedestrian,0.24361433620499226,0.5220451534122148,36.41759053899854,7.7532958984375,8.03642952918583,False,9.01186455959754,False
3b523aceb232aa6f,6911,pedestrian,0.2705137922940464,0.3041525131997664,22.33476414935772,0.94287109375,7.588299152860178,False,9.01186455959754,False
3b523aceb232aa6f,6942,pedestrian,0.28943916863764946,0.7040111414170717,29.638164646481332,0.9619140625,6.535907636041193,False,9.01186455959754,False
3b523aceb232aa6f,6994,cyclist,0.5120433625667716,1.966783560948323,212.58803275926266,5.05859375,4.983761627101419,False,9.010872694579719,True
3f1599e8fa742bad,3785,pedestrian,0.45143822601424005,1.139835534683477,27.059571365522288,3.093017578125,7.962339916933115,False,9.010376766856469,False
3f1599e8fa742bad,3786,pedestrian,0.196400919820538,0.6503031017966734,33.99688541212773,2.8704833984375,7.602185969645605,False,9.010376766856469,False
45856054906e76f1,243,cyclist,0.3107637699111098,0.5896396856981847,4.683958188649197,2.0006103515625,38.28082873540812,False,9.007401267293954,True
4a013cdb54b260bf,1667,cyclist,4.984561476451151,11.577634512395914,61.72598716761588,24.673828125,25.737114598935197,False,9.01037676685647,True
4a6ce418c2519b1,3673,pedestrian,1.3889413671614124,3.1134265377021175,48.44529251893231,1.19140625,8.236557209898807,False,9.01037676685647,False
4f4bbc55ef30c3ea,1467,pedestrian,0.32264693515603804,0.5680192891670119,972.7211765011747,0.11328125,0.02980116117122486,False,9.01186455959754,False
4f4bbc55ef30c3ea,1468,pedestrian,0.14456425811669715,0.29081098757841595,23.56897316818663,9.0244140625,9.024684182450475,False,9.01186455959754,False
4f7aa8ac2ff60093,3478,pedestrian,0.31398011224033,0.5794331754824877,28.21331241649728,2.6484375,5.537664282710519,False,9.013848328017087,False
4f7aa8ac2ff60093,3482,pedestrian,0.26016394383295827,0.6561613379003312,32.35025077749634,4.0244140625,4.024772467016599,False,9.013848328017087,False
4f7aa8ac2ff60093,3491,pedestrian,0.3684775489949238,1.1083550616636735,26.83173607674688,8.6337890625,8.640746517603079,False,9.013848328017087,False
4f7aa8ac2ff60093,3527,pedestrian,0.7048162626331279,1.441775598908559,36.79550138704411,6.501953125,6.544286612266364,False,9.013848328017087,False
4f7aa8ac2ff60093,3534,pedestrian,1.5688164345509514,3.174088404899847,59.3567759534565,4.7490234375,4.750592044273867,False,9.013848328017087,False
4f7aa8ac2ff60093,3541,pedestrian,0.36057871846966505,0.5879547006503416,49.11271260549264,1.828125,5.751400984216802,False,9.013848328017087,False
4f7aa8ac2ff60093,3545,pedestrian,0.48770737899638716,0.5725478082610977,320.9061411137705,1.53515625,1.6148319504172497,False,9.013848328017087,False
4f7aa8ac2ff60093,3548,pedestrian,0.3129150064503195,0.9091466425569203,38.111238546312975,1.021484375,7.477719144731427,False,9.013848328017087,False
4f7aa8ac2ff60093,3557,pedestrian,0.3612236436145612,0.6924672375737777,95.60825904992451,0.171875,3.5372652117451775,False,9.013848328017085,False
4f7aa8ac2ff60093,3569,pedestrian,0.18225274926732815,0.38598718900019396,64.65237741412307,0.271484375,3.504813154521637,False,9.013848328017085,False
4f7aa8ac2ff60093,3579,pedestrian,0.22236344807782235,0.5644172885702723,16.451485780818174,0.6650390625,8.610380415182888,False,9.013848328017088,False
4f7aa8ac2ff60093,3590,pedestrian,0.356105995771836,0.9276647469694581,25.49279547280308,2.1220703125,7.332345621465349,False,9.010376766856448,False
50ddee410ccb016d,303,pedestrian,0.42677734615476476,0.8304577573165653,589.143248158191,0.0517578125,0.1482110554971799,False,9.010376766856464,False
50ddee410ccb016d,308,pedestrian,0.08273286644634598,0.170514777122586,1493.790543182814,0.066650390625,0.050352191314440485,False,9.010376766856464,False
57e7012e0a98e3ec,4951,pedestrian,0.09574783831251173,0.4917221541720147,19.886269109657537,3.40777587890625,8.018801839696975,False,9.010376766856469,False
57e7012e0a98e3ec,4966,pedestrian,0.7756938897018064,1.836689305457337,792.8005307815617,1.13238525390625,1.0985511105145531,False,9.000954741371752,False
5d6f6adb8f60a8e,4292,pedestrian,0.13930055500612742,0.32922781597260903,16.917985624458325,0.809814453125,7.237343877218617,False,9.009880842318957,False
5d6f6adb8f60a8e,4294,pedestrian,0.14116069159039055,0.21974225282263518,14.653614305645537,0.9593505859375,7.000852972720467,False,9.009880842318957,False
66d2f8859f26c401,1629,pedestrian,0.02225120668662834,0.045288799638238814,2391.659207266137,0.0400390625,0.012672403646747377,False,9.010376766856469,False
66d2f8859f26c401,1630,pedestrian,0.02892592108710387,0.04422646702848738,934.4969969810821,0.0416259765625,0.01881665462102693,False,9.010376766856469,False
66d2f8859f26c401,1631,pedestrian,0.03527229735957705,0.03636990846495691,954.7275785514017,0.0565185546875,0.037661016012253246,False,9.01037676685647,False
66d2f8859f26c401,1632,pedestrian,0.02851687560601365,0.06604683546663134,937.2615619128561,0.0450439453125,0.017020384095830277,False,9.010376766856469,False
66d2f8859f26c401,1634,pedestrian,0.44344826023828043,1.5694794377332475,621.8640766787287,0.8619384765625,2.4983312878866477,False,9.010376766856469,False
66d2f8859f26c401,1665,pedestrian,0.04640501360886873,0.07316701516635518,1202.930295732722,0.068115234375,0.044933980886215454,False,9.010376766856469,False
66d2f8859f26c401,1679,pedestrian,2.045260590034804,4.731245909270592,79.1080322121506,5.4473876953125,6.27779320470976,False,9.010376766856458,False
675906df18cc419a,1594,pedestrian,0.4644819288543811,0.9751068461773751,15.074896609802186,8.1251220703125,8.301864053674395,False,9.010376766856464,False
6ea1530b289aec91,1276,pedestrian,0.1245917443235478,0.2873578094367841,16.271809519710416,7.44384765625,7.446383980568194,False,9.01186455959754,False
6ea1530b289aec91,1277,pedestrian,0.4994188382258365,1.1643381932396413,21.61320741397794,5.5263671875,7.791332224095755,False,9.01186455959754,False
722e894fd915b4eb,1025,pedestrian,0.25236550211202635,0.5132808728657652,1304.740156976388,0.1630859375,0.17078068627546272,False,9.01186455959754,False
734c57bbbf191450,2186,pedestrian,0.19748405559009286,0.4745279626711796,17.948971556765162,9.453125,9.456801527117454,False,9.01236049689916,False
750f17fb3ac9783d,2355,pedestrian,0.24818683427974236,0.519573564020125,15.090469396759373,7.375,7.4337492238482605,False,9.01186455959754,False
750f17fb3ac9783d,2385,cyclist,3.3359252513233106,7.622489863625064,33.11631885829479,29.57568359375,29.5924610201637,False,9.01186455959754,True
7a877066976dde0,1826,pedestrian,1.2918936643065608,3.4927862817389776,163.62873916293364,3.3291015625,4.461187405776405,False,9.01037676685647,False
7d040037cd4d968e,2632,pedestrian,0.2915944992792254,0.5499492019230089,499.5739212599008,0.163818359375,0.2242685136499375,False,9.01186455959754,False
7d1d2b26dd1e62e4,1512,pedestrian,0.22202983941462065,0.4687339484193975,26.12574972973587,5.82757568359375,7.392787605666226,False,9.010376766856469,False
7efb8ffc5f5cb1b4,1217,pedestrian,0.02137112607786505,0.06714075931466063,946.7131471965848,0.087890625,0.12041182938377813,False,9.01037676685647,False
7efb8ffc5f5cb1b4,1218,pedestrian,0.027692680327024956,0.04044910324057832,1165.989793622395,0.037109375,0.01772837533167196,False,9.01037676685647,False
7efb8ffc5f5cb1b4,1220,pedestrian,0.05799356539636571,0.10974628295874721,1858.0541951464886,0.1142578125,0.11351357675425414,False,9.01037676685647,False
7fcb65089a2bb672,2629,pedestrian,2.4705302107156872,6.947520224334426,271.603862771155,2.177734375,0.1855526571878655,False,9.01186455959754,False
7fcb65089a2bb672,2630,pedestrian,0.31163244533744394,1.0416076535004104,57.910739035340754,4.619140625,5.636979993871648,False,9.01186455959754,False
7fcb65089a2bb672,2631,pedestrian,0.5503079575450516,0.6987635046478774,43.11137014720509,4.4990234375,5.090614336633725,False,9.01186455959754,False
7fcb65089a2bb672,2633,pedestrian,0.18693037617131225,0.3481298194086274,1758.4460288745354,0.091796875,0.09695549358760651,False,9.01186455959754,False
7fcb65089a2bb672,2636,pedestrian,1.8203902774105265,4.152499997938259,99.27106646272414,4.5859375,5.3544051145702145,False,9.01186455959754,False
821e0118a0ef48b2,3937,pedestrian,1.4113240730507084,3.435232253796924,65.031465444997,6.47216796875,7.582795538451968,False,9.01186455959754,False
821e0118a0ef48b2,3938,pedestrian,0.40599121768581425,0.8833216406698355,31.862279945121678,4.74951171875,5.882053913990366,False,9.01186455959754,False
821e0118a0ef48b2,3956,pedestrian,0.3270929012323577,0.553820617962395,114.18705998463344,5.14111328125,6.46593532048025,False,9.01037676685647,False
8e8052b4f96b2199,310,pedestrian,1.9415949386353315,5.194867102042671,31.355303893894547,0.56103515625,9.242929224899166,False,9.010376766856469,False
8f1ccf225dd5813c,159,pedestrian,0.06885928868365783,0.11742830235522908,895.0848948710142,0.056640625,0.030587079062174685,False,9.012360496899156,False
914f16ffef6529c5,108,pedestrian,0.06802067013605594,0.14036750820124677,884.5778386812613,0.0419921875,0.00966747552403483,False,9.01037676685647,False
914f16ffef6529c5,116,pedestrian,0.10561117118079849,0.26881871438949806,13.745698138988596,0.1044921875,9.016376513623896,False,9.01037676685647,False
91ae85924f2177b3,216,pedestrian,2.248745060048986,5.97766531393855,93.99675148852579,2.6370849609375,7.032196143653619,False,9.01037676685647,False
95bd21699baa15a5,4569,pedestrian,0.3536192373366482,1.8184514185863627,593.1837500721047,1.1728515625,1.9246453616519577,False,9.010376766856469,False
95bd21699baa15a5,4570,pedestrian,0.412931795105719,1.4267004325045567,689.3232446376634,1.363525390625,1.922283423840779,False,9.010376766856469,False
9646b687f1411768,3338,pedestrian,0.867064674376438,1.838129785941683,41.511458356364415,5.01904296875,5.832436881551611,False,9.010376766856469,False
9646b687f1411768,3340,pedestrian,0.6988145490740741,1.7460601820987283,41.44767176896639,3.748046875,5.014195277048053,False,9.010376766856464,False
a067a3788873f5be,4821,pedestrian,0.7849893309197509,0.883005434546287,437.5302521483093,0.625,3.230349908693132,False,9.009880842318957,False
a067a3788873f5be,4835,pedestrian,2.2362274599659187,4.992589077482375,43.59902379621628,5.4287109375,8.897305391451136,False,9.008393087785572,False
a067a3788873f5be,5049,cyclist,4.269654899789787,9.328552321377302,38.85028264357725,26.7177734375,27.15475335320872,False,9.010376766856464,True
a149237c0d9c27ea,1949,cyclist,2.502329810896738,5.587325326779947,24.597075289464073,14.349609375,14.34969750893006,False,9.01186455959754,True
a200040e65ba224c,4717,pedestrian,0.26116313287350046,0.49760284206788935,22.323278814918307,7.167724609375,7.642171672967664,False,9.001450609171536,False
a2fd6176c7695739,3687,pedestrian,0.403891600862256,1.2229001508316633,418.2629236082285,1.30615234375,1.3104585541073472,False,9.005913560281655,False
a2fd6176c7695739,3688,pedestrian,0.25400712325543534,0.2275842178887833,576.4530072100258,0.413330078125,0.4480172051847005,False,9.005913560281655,False
a2fd6176c7695739,3689,pedestrian,0.6745738639411075,1.5877293707025455,112.59117303828761,1.93701171875,2.076524462326395,False,9.005913560281655,False
a2fd6176c7695739,3691,pedestrian,0.13924451358035497,0.17524411222963795,530.1960281685638,0.264892578125,0.4759668630207299,False,9.005913560281655,False
a2fd6176c7695739,3693,pedestrian,0.2778796423355041,0.47293405033422964,174.98890157085478,0.9921875,1.009793987650585,False,9.005913560281655,False
a2fd6176c7695739,3695,pedestrian,0.6036259071874749,1.242694177276748,24.12383021220335,3.664306640625,8.519014443416287,False,9.005913560281655,False
a2fd6176c7695739,3696,pedestrian,0.22805951556647044,0.295089636982356,11.524472294188806,7.36279296875,8.27119850646523,False,9.005913560281655,False
a2fd6176c7695739,3697,pedestrian,0.7470706549203976,1.7048168060657047,29.730035702365807,3.99560546875,8.414663015345491,False,9.005913560281655,False
a2fd6176c7695739,3698,pedestrian,0.027306394344106418,0.04046828328389084,709.9372009214172,0.096435546875,0.027411513150495143,False,9.005913560281655,False
a2fd6176c7695739,3724,pedestrian,0.6552626117314644,1.2412926271148994,20.052979620006436,3.965576171875,8.82746858181895,False,9.005913560281655,False
a2fd6176c7695739,3725,pedestrian,1.2187671978647876,2.6535633682396136,62.915689091080814,2.091552734375,5.3286399214938625,False,9.005913560281655,False
a2fd6176c7695739,3743,pedestrian,0.7924669092474851,1.9408266024197445,27.046244705983593,2.758056640625,9.728141384588868,False,9.005913560281655,False
a2fd6176c7695739,3746,pedestrian,0.19354818545651203,0.20042505042203707,24.390712699719618,4.081787109375,5.5911034191698175,False,9.005913560281655,False
a2fd6176c7695739,3747,pedestrian,0.602479362105685,0.43968279992111653,192.67767398067662,0.61767578125,1.6399428811535472,False,9.005913560281655,False
a2fd6176c7695739,3798,pedestrian,0.19202956186791337,0.36707012427977737,700.8028463042622,0.428466796875,0.09024125770642685,False,8.986080141259068,False
a2fd6176c7695739,3799,pedestrian,2.581853257039939,4.719091045056485,1412.3211908234996,0.853759765625,1.1326289126833062,False,8.98558436845516,False
a4956b27f127a67c,5217,cyclist,0.7026146887997133,2.9990314835563447,23.697902195137463,12.08837890625,13.097732238822147,False,9.010872694579719,True
a991619cfc4f2216,1956,pedestrian,0.025136228218379585,0.04555037126403401,679.0444855741811,0.0732421875,0.0146484375,False,9.01186455959754,False
abc362bb96b25c1c,4138,pedestrian,0.28649436618762325,0.515161455103065,17.72077249425259,7.875,7.87546889105063,False,9.01186455959754,False
abc362bb96b25c1c,4145,pedestrian,0.25124377868764924,0.7217722839884909,326.8945629947254,0.615234375,1.3204923428274093,False,9.010376766856448,False
abc362bb96b25c1c,4147,pedestrian,1.1632707124049324,2.8464180527131204,430.31968691030966,0.962890625,1.5689785733823487,False,9.01037676685647,False
adcea6e87c4558fa,1290,pedestrian,0.40985417518924505,0.7335460331624251,25.812981060665326,8.3895263671875,8.428872806222142,False,9.01136862549223,False
adcea6e87c4558fa,1291,pedestrian,0.3644689917567241,0.8013741846946484,47.866596844207635,0.287445068359375,6.531954457040123,False,9.01136862549223,False
adcea6e87c4558fa,1292,pedestrian,0.17984454407349149,0.5215878258547164,20.289366010348427,0.2991943359375,6.5152228872254065,False,9.01136862549223,False
ae92386e0686d4d6,2732,pedestrian,0.22707421321158644,0.4872378429774592,18.200372862194243,4.44384765625,9.970169435690352,False,9.010872694579719,False
ae92386e0686d4d6,2733,pedestrian,0.24347793476142995,0.4664927082008389,17.636228530998277,5.307861328125,7.882739827602734,False,9.010872694579719,False
ae92386e0686d4d6,2735,pedestrian,0.08910084824153153,0.2951455999337024,22.692443036175657,2.683349609375,6.692704409413851,False,9.010872694579719,False
ae92386e0686d4d6,2739,pedestrian,0.06687200607922271,0.14697535251057953,963.2452420478259,0.072998046875,0.07569432336367879,False,9.010872694579719,False
ae92386e0686d4d6,2753,pedestrian,0.30510122699252035,0.6931446861696755,18.426087005190496,3.90576171875,8.718812115936782,False,9.010872694579719,False
b065dcb23730589b,8044,cyclist,0.31145922486683963,0.7375522073048698,9.088419929740562,8.3330078125,17.782328567912025,False,9.01037676685647,True
b5b52effcbc11899,1156,pedestrian,1.3947218064783364,2.794252225010549,973.5078967304885,0.172119140625,0.6668886967318725,False,9.01037676685647,False
b682b4171243133d,1243,pedestrian,0.11097352307169774,0.3687974407977909,20.90946942134445,7.116943359375,7.852076261232456,False,9.01236049689916,False
b6c121ee6748be2e,2728,pedestrian,0.4189788103463917,1.0287909236171313,23.477257790707963,5.8798828125,7.667350475941664,False,9.01186455959754,False
b6c121ee6748be2e,2729,pedestrian,0.20460991611946416,0.1033815874462426,30.866299756624834,5.3173828125,7.331132739235827,False,9.01186455959754,False
bf5644083714297,1974,pedestrian,0.24186095514344003,0.4055493246050166,24.639580622079137,4.461700439453125,4.884151704337895,False,8.989550635373519,False
c37fa6a0a21345f3,2925,pedestrian,0.3890580086909153,0.7850554595849986,38.4800760846137,5.15087890625,6.185669970333985,False,9.011864559597552,False
c511128eee46dcc1,1009,pedestrian,0.1703576313989644,0.2987730773064672,1160.7036718601832,0.10595703125,0.08848540070370542,False,9.010376766856464,False
c6d3e9d6c619e786,1341,pedestrian,0.7409326666788425,1.638123147400279,532.1318107455354,0.12164306640625,0.5595850385023067,False,9.01037676685647,False
c92f5e81941151a4,96,pedestrian,0.011718034663172141,0.02011135782045276,1308.6695257129934,0.064697265625,0.016373811169050016,False,9.010376766856472,False
c92f5e81941151a4,97,pedestrian,0.07302484935932506,0.13134486414358726,7.788016842494309,4.637451171875,9.866730067024179,False,9.010376766856472,False
c92f5e81941151a4,98,pedestrian,0.13960203032558896,0.23093709774276647,703.007827149432,0.0634765625,0.13682072787161081,False,9.010376766856472,False
c92f5e81941151a4,99,pedestrian,0.14091238951337787,0.4714982692197731,34.464377718689356,2.9765625,6.503280454892063,False,9.010376766856472,False
c92f5e81941151a4,103,pedestrian,0.06487003266423683,0.10227369466721078,1422.709058595777,0.04150390625,0.05519522265341237,False,9.010376766856472,False
c92f5e81941151a4,133,pedestrian,0.15415309286753356,0.27108863770834035,23.615676697014578,2.83544921875,7.283897140757127,False,9.010872694579719,False
c92f5e81941151a4,136,pedestrian,2.368139787674685,5.270642222976668,175.22289660413205,4.703369140625,6.374586658775089,False,9.01037676685647,False
cb481a607e0df310,3462,pedestrian,0.38659546602838274,0.9884099789587306,31.315539344454663,7.54833984375,7.551664086084821,False,9.011368625492231,False
d4940e640de558c5,555,pedestrian,0.3292279229633821,0.6490786986053885,20.086134401070716,6.5914306640625,8.099857920744267,False,9.01186455959754,False
d53adebfe1178441,590,pedestrian,1.308042841562387,3.0778066167469564,45.24128389030592,1.479248046875,8.129092631157887,False,9.011368625492231,False
d84357e99e171a20,57,pedestrian,0.16233316688925598,0.33406705265064296,18.304829940984995,0.423828125,7.903752350861892,False,9.01037676685647,False
e3d1b5e3c9e05d41,1609,pedestrian,0.680705272513337,1.2702965104902635,21.369123579959272,6.124755859375,9.092486273355444,False,9.01186455959754,False
e3d1b5e3c9e05d41,1610,pedestrian,0.14720263186231303,0.29311749446395646,1749.2007247741462,0.1007080078125,0.03422551828993179,False,9.011368625492231,False
e3d1b5e3c9e05d41,1611,pedestrian,0.09549244490243439,0.21996195738731802,986.0149813554319,0.2757568359375,0.05828656897166361,False,9.011368625492231,False
e3d1b5e3c9e05d41,1612,pedestrian,0.3413335006449719,0.6676567165973105,1773.4426614277597,0.1263427734375,0.14233492986715104,False,9.011368625492231,False
e3d1b5e3c9e05d41,1614,pedestrian,0.5033780099206245,0.794950381857171,389.81884077541565,2.7916259765625,2.8877680034102693,False,9.01186455959754,False
e3d1b5e3c9e05d41,1615,pedestrian,0.08804195540754053,0.1554113154070101,2083.978058400995,0.0419921875,0.02039946590973796,False,9.011368625492231,False
e3d1b5e3c9e05d41,1616,pedestrian,0.6283512022533775,0.9370880978324999,1327.3729764755979,0.5435791015625,0.5844915868168045,False,9.011368625492231,False
e3d1b5e3c9e05d41,1622,pedestrian,0.05438943934335331,0.02409367223417744,1233.6618451479753,0.1812744140625,0.18426638006073257,False,9.009880842318957,False
e9653159c09f5c72,4373,pedestrian,0.6814646677977515,1.4468492202049519,33.916307322843785,3.9000244140625,5.770407382248015,False,9.006409459460464,False
e9653159c09f5c72,4374,pedestrian,0.8232148343611114,1.8743758306723282,31.69772841837104,3.218505859375,8.445430183120033,False,9.006409459460464,False
e9653159c09f5c72,4375,pedestrian,0.2758656792529111,0.5966993902699247,18.648548289575128,6.2080078125,7.266889761495292,False,9.006409459460464,False
e9653159c09f5c72,4378,pedestrian,0.7364806498057089,1.691271149359032,50.10647963250526,3.8267822265625,4.581198524781792,False,9.006409459460464,False
e9653159c09f5c72,4398,pedestrian,0.18148737025448006,0.3337774152355613,17.83567632430509,0.295654296875,7.095246161423984,False,9.006409459460464,False
e9653159c09f5c72,4402,pedestrian,0.1650521310558465,0.1671996876415061,23.83521608597321,0.336669921875,7.3824799195315896,False,9.005913560281655,False
e9653159c09f5c72,4410,pedestrian,0.5836571802180877,1.498946316713149,39.64248000652732,3.9193115234375,5.628057275530894,False,9.006409459460464,False
e9653159c09f5c72,4423,pedestrian,0.8083209749003036,1.519036691048322,37.12645534263465,6.0662841796875,7.300938980619332,False,9.006409459460464,False
e9653159c09f5c72,4439,pedestrian,0.3569010076672487,0.9603580678384096,20.917314876372135,1.474365234375,9.99894489742192,False,9.006409459460457,False
eb2e689ca1fdb0cf,3190,pedestrian,1.312660378550224,3.5341642820952717,318.50908583837406,2.39501953125,3.811923475918916,False,8.972199627214248,False
ee5e5fe91cd6c6e7,3039,pedestrian,0.9582766166653065,2.1491302256548757,57.64502311200113,2.036865234375,4.257041310105782,False,8.96872985800573,False
ee5e5fe91cd6c6e7,3042,pedestrian,0.08588132143110604,0.04105494330960381,888.7459838771657,0.096923828125,0.16043666388810565,False,8.96872985800573,False
ee5e5fe91cd6c6e7,3051,pedestrian,0.28006814176083383,0.6894701148494905,22.58777403090346,3.185546875,7.851308763493953,False,8.97071256589841,False
ee5e5fe91cd6c6e7,3054,pedestrian,0.055369199809903,0.07489517791808077,1155.2422043484974,0.099609375,0.1405037781319409,False,8.96872985800573,False
ee5e5fe91cd6c6e7,3059,pedestrian,0.2724920011120157,0.4583697283484421,1392.7432060735487,0.153564453125,0.13472691961447397,False,8.96872985800573,False
ee5e5fe91cd6c6e7,3060,pedestrian,0.11797004500797019,0.3596587462683226,1215.9669037588735,0.221435546875,0.16677900839534493,False,8.96872985800573,False
ee5e5fe91cd6c6e7,3091,pedestrian,0.5536727085898084,1.1900773742958597,50.18128066661709,3.202392578125,6.952359725328518,False,8.96872985800573,False
ee5e5fe91cd6c6e7,3121,pedestrian,0.2552488176402562,0.422140883929318,22.42982541618521,2.588134765625,6.128160484800648,False,8.972199627214248,False
ee5e5fe91cd6c6e7,3127,pedestrian,0.18448212760477975,0.07205108154974191,49.76299786290606,2.317138671875,5.9424252573595995,False,8.974678120935204,False
ee5e5fe91cd6c6e7,3134,pedestrian,0.09912571732394936,0.15810037537347207,1034.2411716433326,0.30224609375,0.3990934059464777,False,8.978148135129832,False
ee5e5fe91cd6c6e7,3138,pedestrian,0.5286566951489325,1.2027993962727255,80.52713891178298,2.606689453125,7.558666495039662,False,8.978643863220183,False
ee5e5fe91cd6c6e7,3147,pedestrian,0.17955598066018044,0.38474111529601035,30.40671607544209,2.576416015625,6.029912846089218,False,8.983601307267993,False
ee5e5fe91cd6c6e7,3161,pedestrian,0.6507635919241794,1.1019275612944577,29.403469084675123,2.982177734375,6.102301998481531,False,8.987567477746062,False
ee5e5fe91cd6c6e7,3190,pedestrian,0.6926686369511711,1.4129784554337894,134.55159609906823,0.51904296875,3.0854742933855115,False,9.000954741371752,False
ee5e5fe91cd6c6e7,3194,pedestrian,0.2411352820411107,0.6187976657950048,72.4594769491263,3.102783203125,6.123230279490695,False,9.002938231316431,False
ef30c381751c832,3024,pedestrian,0.21846394224385426,0.36537885224652505,18.94681720756997,6.429931640625,7.280213646544068,False,9.01037676685647,False
ef30c381751c832,3035,pedestrian,0.310183837046344,0.7311335562038077,19.54644138677431,6.028564453125,6.8628695629925085,False,9.01037676685647,False
ef30c381751c832,3046,pedestrian,0.8349485937304619,1.9737048373260049,319.3941627577235,1.857666015625,1.8086057790269687,False,9.01037676685647,False
f07589a399547917,2267,cyclist,3.4189802681683994,10.408261978682685,84.90723770602371,7.4482879638671875,19.09478634281372,True,9.010376766856469,True
f21c5ea7c094490b,1101,pedestrian,0.030425590473110907,0.06905668875236458,562.2195764773278,0.064453125,0.0662582374795716,False,9.01037676685647,False
f21c5ea7c094490b,1102,pedestrian,0.04826279307694976,0.05472478766018632,1441.054623295105,0.096923828125,0.061776390502502686,False,9.01186455959754,False
f21c5ea7c094490b,1103,pedestrian,0.09396208463471221,0.10051571808107125,1867.5133791967144,0.2027587890625,0.1975776004180943,False,9.01037676685647,False
