scenario_id,agent_id,object_type,prediction_residual_fde,anomaly_score,max_speed,mean_speed,max_accel,max_heading_rate,max_jerk
3a79684106fe2fdf,1515,pedestrian,6.591581881080042,0.9926810181424103,6.475036953635149,0.9535285274624413,31.900675747245305,24.955691801698407,266.3522824908107
a2fd6176c7695739,3799,pedestrian,4.719091045056485,0.9752466257671946,6.175490177637504,0.6175673830509005,29.012192020742898,20.84346169143949,141.55009482950692
2d84b1ab55ab81d3,1551,pedestrian,4.213384824346077,0.9658935498287906,5.798179457604609,0.39687165618738707,54.126822340080864,22.858080275797168,379.07926251656363
27384099b57a800b,5492,pedestrian,3.058764023223245,0.9309077652650999,7.8934410471194445,0.33062032772912064,32.625132912983325,26.066412791177815,131.89107980337477
abc362bb96b25c1c,4147,pedestrian,2.8464180527131204,0.9217645035611837,5.60855793647262,0.7384322202617636,27.640142648611373,22.054043894024716,182.2606738254749
b5b52effcbc11899,1156,pedestrian,2.794252225010549,0.9190637774146306,3.801405358506289,0.837411847369531,18.443384391134217,28.436533752680354,182.89861309884117
7fcb65089a2bb672,2629,pedestrian,6.947520224334426,0.8943021103359865,1.6952925298542978,0.7560677735370394,4.371198959385935,12.215415910987616,26.807964754559443
3b523aceb232aa6f,6994,cyclist,1.966783560948323,0.8707483311486929,3.081609128949918,0.8936388165928298,14.099713256080614,12.65782579354392,138.21833444080607
c92f5e81941151a4,136,pedestrian,5.270642222976668,0.8449947000466889,1.653764988268332,1.1181453679223823,3.266161672760087,28.20616212678404,24.729043981845706
1e41e4f90a5cae0a,566,cyclist,3.775855233584244,0.8419360776941339,3.499839523587412,2.422977000325547,13.936196397680112,1.8825418630018598,67.5882979547203
a4956b27f127a67c,5217,cyclist,2.9990314835563447,0.8321656682033631,4.080477514664733,2.2309944900715504,5.086955906849053,4.136064191207405,38.136234019347825
4a013cdb54b260bf,1667,cyclist,11.577634512395914,0.8111912936003562,5.9971226359291405,4.483820011385377,9.194336332728449,0.9153626337054788,75.43821251638904
a067a3788873f5be,5049,cyclist,9.328552321377302,0.8040941130033139,6.089039993587146,4.6619859418253045,13.603644869414117,0.7041057965224259,77.18941873221686
e3d1b5e3c9e05d41,1616,pedestrian,0.9370880978324999,0.7849684057497381,1.8877885719466365,0.2961050343257338,11.129013643834215,28.357003388335624,91.06574677238764
f07589a399547917,2267,cyclist,10.408261978682685,0.7684292470723815,4.410415687034312,3.6960862034348505,5.657782042965575,0.8538454591291811,48.29689123320428
e3d1b5e3c9e05d41,1614,pedestrian,0.794950381857171,0.7534710680007151,2.2881366986233806,0.5325334857411238,8.289116813317607,24.711847346267078,40.7322651604718
eb2e689ca1fdb0cf,3190,pedestrian,3.5341642820952717,0.7477134666503866,1.4997350140799126,0.7939778448764833,2.4999034285973463,15.183410143924569,16.243357958275215
a149237c0d9c27ea,1949,cyclist,5.587325326779947,0.7475230738548861,3.1284313436799502,2.430903261875195,3.354395799862371,1.991718457903655,25.131401091206047
a2fd6176c7695739,3693,pedestrian,0.47293405033422964,0.7464976561460601,3.7991578025251465,0.3133402329575727,18.05369007216961,15.270662434298465,97.30221069660382
16a8cd972084277a,4992,pedestrian,6.1780580138668455,0.739437369989056,3.165145735692361,2.277227497653863,3.4139629010917094,1.5842607384829144,29.3022490373418
a2fd6176c7695739,3798,pedestrian,0.36707012427977737,0.7365248742105883,4.804358122165611,0.18833824168116373,45.44531813280758,24.512476528392746,338.8690642822952
2d84b1ab55ab81d3,1621,cyclist,11.740447676963537,0.7267858337886042,5.216222459813431,4.099207073909228,4.630991795066548,0.6319734598669802,40.166046329977696
821e0118a0ef48b2,3956,pedestrian,0.553820617962395,0.7231726642558552,2.5316432247139686,1.1362191413028808,6.965507312672264,9.964700799520596,53.44349897300846
e3d1b5e3c9e05d41,1611,pedestrian,0.21996195738731802,0.7219420766271949,2.89166251456176,0.18713959928781693,26.076577010856717,25.33643446750272,178.2807307765474
7fcb65089a2bb672,2633,pedestrian,0.3481298194086274,0.7122402516958909,1.830240704491339,0.17223832050262647,9.029658131369183,28.536473435121497,37.41066497567023
4f7aa8ac2ff60093,3534,pedestrian,3.174088404899847,0.7117652361687686,1.1877384950164516,0.8117281691280608,2.231381511151984,4.890324842541524,17.358781957704856
7fcb65089a2bb672,2636,pedestrian,4.152499997938259,0.7046771694336244,1.398437840978485,0.9281298474996287,2.010438569511416,5.76032772032523,11.691683547330088
7a877066976dde0,1826,pedestrian,3.4927862817389776,0.6942007359319878,1.4572271056890655,0.7667894594783281,1.7377208939017252,14.27930124640091,12.944722369788696
1870b2208fe4ade9,141,cyclist,7.221708805803451,0.6855795676828484,4.953332989895583,3.991562713492963,4.577229896289966,0.6713811714993578,20.515236664910752
ee5e5fe91cd6c6e7,3190,pedestrian,1.4129784554337894,0.6771458717372107,0.9439634991091017,0.5514585355214955,3.064192039809852,10.778750872921657,21.777477253224355
abc362bb96b25c1c,4145,pedestrian,0.7217722839884909,0.6644633747469547,0.8560393359691846,0.25716979314471466,4.051254148514035,12.435109431332007,27.66733572218496
a067a3788873f5be,4835,pedestrian,4.992589077482375,0.6581013436831424,1.983302630125406,1.5167036415254027,2.1330563856715776,2.3547257972374624,13.004926155910905
750f17fb3ac9783d,2385,cyclist,7.622489863625064,0.65782234476138,5.742237356838806,5.0592204816502,3.606114149452835,0.46332523656179125,24.699131407952123
91ae85924f2177b3,216,pedestrian,5.97766531393855,0.6573774780796704,1.7772137940234014,1.4343329668031033,3.0023754145860493,1.0690561584498581,19.116565885393964
ef30c381751c832,3046,pedestrian,1.9737048373260049,0.6543795214270691,0.7271621034758654,0.42040952258396397,2.1818675922836808,18.942093854554955,15.27107702036289
140117c81b4ef9fb,4623,cyclist,2.193047540386901,0.6534563311593571,6.429844299295618,5.632706798113795,8.230778822852507,0.42119926056642804,64.96182685953609
d53adebfe1178441,590,pedestrian,3.0778066167469564,0.6509928017531851,1.924970476470618,1.411433262893298,2.955739266621119,1.5748206445997703,23.844892337047295
8e8052b4f96b2199,310,pedestrian,5.194867102042671,0.6318907825331624,3.026789029889595,1.5827017864475752,2.305374481626994,1.0919603570221803,20.703821261970788
ee5e5fe91cd6c6e7,3138,pedestrian,1.2027993962727255,0.6288269731556262,1.7515214028756387,1.308284454714374,2.2933039137185394,7.027318556107282,22.52009883432465
57e7012e0a98e3ec,4966,pedestrian,1.836689305457337,0.6260630901721973,0.7838896622441527,0.23440975696580954,1.8756561452041924,30.37068044625654,14.29617958447626
ee5e5fe91cd6c6e7,3054,pedestrian,0.07489517791808077,0.619946710090689,0.9356169863493374,0.16292250787041887,5.728236890118348,30.12812932733654,21.53066609421405
c37fa6a0a21345f3,2925,pedestrian,0.7850554595849986,0.618707719304595,1.9853785973175069,1.0564999439000364,3.850138911959887,3.1576785476672042,32.11784784025143
c6d3e9d6c619e786,1341,pedestrian,1.638123147400279,0.6141436127282512,0.811208891245826,0.17449690110912483,2.2576289861232723,18.13912088054685,12.23821662252461
1870b2208fe4ade9,142,cyclist,2.548083558520439,0.6134961057366575,7.075045381988514,6.343275125099539,4.39712679392144,0.47121537232071686,37.48372682368319
4f7aa8ac2ff60093,3557,pedestrian,0.6924672375737777,0.6029989121457101,0.8516274523680839,0.608628497330614,2.8898602824261563,5.518531952995844,24.079237492730094
371a64917512b4c9,7293,pedestrian,0.8625969842130364,0.6016839916833374,0.6876603828103158,0.18137875443795334,2.4007311854258067,16.442089918533007,20.944208994015362
4a6ce418c2519b1,3673,pedestrian,3.1134265377021175,0.5867920075485997,1.7525011989355406,1.417963145833985,2.264053038522349,1.2531219790650394,19.206566876246516
ee5e5fe91cd6c6e7,3091,pedestrian,1.1900773742958597,0.5827067087905488,1.6525078910662312,1.1824818356526476,2.828182724527173,2.849403389414462,21.064646477693785
c511128eee46dcc1,1009,pedestrian,0.2987730773064672,0.580830020946386,0.5552307477461941,0.15180827250012435,3.3368983942894723,26.74968889261691,20.71421143608779
a2fd6176c7695739,3743,pedestrian,1.9408266024197445,0.5759733852982559,2.3203797250379092,1.6555600701802378,3.8042502936342104,0.9839874054346254,23.608457879393384
4f7aa8ac2ff60093,3545,pedestrian,0.5725478082610977,0.5733469941263345,0.7273424126011468,0.3261527161043183,2.6792573974233327,17.205793154159092,18.21997796221887
a2fd6176c7695739,3688,pedestrian,0.2275842178887833,0.5731854905940301,0.6093509864966292,0.16726506098298893,2.9451721872616297,19.367569361649977,24.481921594783778
95bd21699baa15a5,4570,pedestrian,1.4267004325045567,0.5699947041799437,1.2984804534234113,0.44513427059996474,1.7322784335136638,26.49059676197965,11.510590654006087
ee5e5fe91cd6c6e7,3059,pedestrian,0.4583697283484421,0.5689699074823846,0.5926199373344001,0.13549216742577058,2.435436728992533,22.451482186001346,22.115022138235922
821e0118a0ef48b2,3937,pedestrian,3.435232253796924,0.5670095545041554,1.7904015739549906,1.3508523356197806,2.2814904698970015,1.0284864361400858,16.018163883834873
4f7aa8ac2ff60093,3548,pedestrian,0.9091466425569203,0.5594654481675206,2.2168829140792092,1.28158432488199,5.050979006500935,1.028245836806323,49.8859565182021
66d2f8859f26c401,1679,pedestrian,4.731245909270592,0.5573873906361091,1.4682964324653354,1.1764421418779787,1.8927329087189548,1.1684962965723393,10.833470798514298
722e894fd915b4eb,1025,pedestrian,0.5132808728657652,0.5564456295053704,0.5099910077068953,0.16450292481518874,2.190935478723618,29.19217895878941,20.06172228566138
1e41e4f90a5cae0a,424,pedestrian,0.4145508531563631,0.5558998164792863,1.921366942326947,1.6255697872892119,3.211734521896615,3.773959672364249,22.0994798972127
95bd21699baa15a5,4569,pedestrian,1.8184514185863627,0.5554371082861147,1.3481219496004966,0.3684700361723777,1.5239781953757596,24.37378226799118,7.205344514016148
ee5e5fe91cd6c6e7,3060,pedestrian,0.3596587462683226,0.5457246402168426,0.57800131840869,0.14206975113375764,2.427214789518468,24.42332589621832,18.85182580176125
ee5e5fe91cd6c6e7,3039,pedestrian,2.1491302256548757,0.5394416899883036,1.145977116002206,0.7326878451369746,1.4347386286860864,2.359162398013913,14.039426511528676
3a0389c235a0eaa1,1156,pedestrian,1.0236588849029202,0.5356747708667912,1.5381438853685963,1.0301762471806302,3.1430634440716747,1.6415723494126433,26.34834184213343
e3d1b5e3c9e05d41,1609,pedestrian,1.2702965104902635,0.5347702226256513,2.014559735052611,1.5463672085070912,3.6667423133276187,0.8695781628190002,34.80066221423625
a067a3788873f5be,4821,pedestrian,0.883005434546287,0.5344544092151801,1.4031827111896717,0.5905429670032528,1.9611769945979685,16.80456603334757,11.7063340555256
4f7aa8ac2ff60093,3569,pedestrian,0.38598718900019396,0.5338178090580772,0.8852446145834075,0.6050140536500526,2.381845981563686,4.913968616236645,20.115110524197764
9646b687f1411768,3340,pedestrian,1.7460601820987283,0.5334766069388294,1.3780002805712321,0.8748128374351766,2.2217554287101104,1.7068613439776747,18.00382800779288
a2fd6176c7695739,3747,pedestrian,0.43968279992111653,0.5328215450904562,0.8427034528014916,0.3744978302144299,1.9645131379680654,10.264162228441153,18.624613871390213
4f7aa8ac2ff60093,3590,pedestrian,0.9276647469694581,0.5325025448205581,2.1449278862486336,1.2556654105148932,5.298679911795237,0.9479498619192006,25.02458386911889
1870b2208fe4ade9,66,pedestrian,0.19058236344649102,0.53127844080498,0.48543174894857055,0.13591966942243813,2.4878958879065474,26.734372779177352,18.832374046101084
8f1ccf225dd5813c,159,pedestrian,0.11742830235522908,0.526988811301167,0.6562616256410719,0.06121903090969298,3.560083571779654,22.9623181785671,12.695621001120383
4f7aa8ac2ff60093,3579,pedestrian,0.5644172885702723,0.5229182854749406,2.150356476085573,1.4633191943243924,3.455451657184999,1.7648619127083687,32.659651009231254
7efb8ffc5f5cb1b4,1217,pedestrian,0.06714075931466063,0.5196610360005407,0.5899924791794224,0.0819859533514677,3.000273053459336,26.87780792974003,15.278392908136883
a2fd6176c7695739,3687,pedestrian,1.2229001508316633,0.5180167909742052,0.5935241370013148,0.24437710646729396,1.2767458053699077,16.389342452242598,9.644191685959887
2db20518212cdfeb,5560,pedestrian,6.077095212741092,0.5143470924704701,1.869231031537415,1.5755905305284403,1.3422789073985064,0.763403023920437,10.561565240765601
b065dcb23730589b,8044,cyclist,0.7375522073048698,0.5114127344976188,3.869445218801744,3.020439852333292,5.939664588837894,0.4321789380425689,45.59495828327346
66d2f8859f26c401,1634,pedestrian,1.5694794377332475,0.5094900099224657,0.8881705829994897,0.4323458035675901,1.0950524888771223,19.653504581072436,6.361915526729985
a2fd6176c7695739,3689,pedestrian,1.5877293707025455,0.5093611213423446,0.6149803121447056,0.36598658066537354,0.9168065649923252,5.801993017360221,8.333271814867476
ee5e5fe91cd6c6e7,3194,pedestrian,0.6187976657950048,0.5027508475832861,1.4052535871491512,1.0542296897271632,1.5912849996218315,6.323282235175949,14.182625613460557
e3d1b5e3c9e05d41,1610,pedestrian,0.29311749446395646,0.5012217054474783,0.45229290766464664,0.1430673264970389,2.132922828105254,25.74387037584076,14.081110514970833
d4940e640de558c5,555,pedestrian,0.6490786986053885,0.49885062747840136,2.0939284362482944,1.3810596997561846,4.748322240313518,0.6838284960467502,41.86341946037705
734c57bbbf191450,2186,pedestrian,0.4745279626711796,0.48934463329769323,2.0214198742587466,1.6022086804690199,3.498313664582767,1.4080029569191055,30.45199426208895
27384099b57a800b,5493,pedestrian,0.8023203077187486,0.48228820568905006,2.0491556354944307,1.723460990492084,3.578321488082604,0.9749932851178733,25.81210143876652
a2fd6176c7695739,3724,pedestrian,1.2412926271148994,0.4769350777394753,2.335601390145607,1.5091923531625968,2.8866983049080086,0.8652020804662103,21.721443039956423
7d1d2b26dd1e62e4,1512,pedestrian,0.4687339484193975,0.47646088484701676,1.369289221774054,1.255347564916539,2.224928002864792,3.7208582702698045,12.971032588444226
c92f5e81941151a4,97,pedestrian,0.13134486414358726,0.4757342534656883,2.794750685550733,1.6688034724621763,5.974421489605312,0.6796326805114916,58.93055361844533
a2fd6176c7695739,3697,pedestrian,1.7048168060657047,0.47280389272997286,1.6641962597596707,1.4331911000596351,2.2725340802416083,1.0634743943106217,15.010057380588341
a2fd6176c7695739,3691,pedestrian,0.17524411222963795,0.46753957781948796,0.4160811860626136,0.15039171388329928,1.5276669588241671,25.68988443022985,14.818880272267975
e9653159c09f5c72,4439,pedestrian,0.9603580678384096,0.4650787919255966,2.0707054485026637,1.6982133011608411,2.5261920227201906,1.0772273535254406,24.95762534603032
adcea6e87c4558fa,1291,pedestrian,0.8013741846946484,0.4633765130340053,1.2429826522429717,1.1139575185900423,1.2420580062644904,5.689660824800535,9.106187206495836
e3d1b5e3c9e05d41,1622,pedestrian,0.02409367223417744,0.4624423842768476,0.5123520167281673,0.10670691208881115,1.939349606173212,20.909508164278375,13.500159906175154
a2fd6176c7695739,3725,pedestrian,2.6535633682396136,0.4605045145056406,1.0940791384149011,0.9302446363121859,0.8733683250469648,1.8973591521558109,6.7151579773153465
45856054906e76f1,243,cyclist,0.5896396856981847,0.45913506533243775,7.143781323335047,6.4922775449965195,4.528159143424735,0.3101029494997065,44.56326540123902
e3d1b5e3c9e05d41,1612,pedestrian,0.6676567165973105,0.4584179968122833,0.46787348893742253,0.06888904034560148,1.3423916038099255,24.792824664878296,8.139607996163257
ee5e5fe91cd6c6e7,3051,pedestrian,0.6894701148494905,0.4551699729438767,1.7345750066201653,1.3334837602352796,2.140156346997495,1.7692691319638643,20.42203564228258
ee5e5fe91cd6c6e7,3134,pedestrian,0.15810037537347207,0.45501073197353525,0.643885896282832,0.13301565824368614,1.6028243297751665,25.235046111440596,12.614601180397651
f21c5ea7c094490b,1102,pedestrian,0.05472478766018632,0.4536033774568942,0.36725112688425327,0.09206268613337207,1.513474534449718,24.027831329356413,14.612144509061403
3a79684106fe2fdf,1514,pedestrian,0.45915544585637996,0.4530544611186043,1.9667054169745315,1.5194664358245469,2.8579987429703677,1.4044703102994482,24.832475256049822
b682b4171243133d,1243,pedestrian,0.3687974407977909,0.45163323221584817,1.9685667500001915,1.3335723258688927,3.576722746025145,0.899188954444412,35.350517249247815
e3d1b5e3c9e05d41,1615,pedestrian,0.1554113154070101,0.4509229187374593,0.37721812860265314,0.0792334156971824,2.041531710902033,27.41364503071996,9.523779818535525
4f4bbc55ef30c3ea,1467,pedestrian,0.5680192891670119,0.44786820984749226,0.2872571500016158,0.10662060319902074,1.2694304756243162,17.61049515351079,8.425096391817856
ee5e5fe91cd6c6e7,3161,pedestrian,1.1019275612944577,0.44658941925090045,1.42822265625,1.047579069061358,2.135529420899984,1.3072431796241712,16.929620857801066
e9653159c09f5c72,4374,pedestrian,1.8743758306723282,0.4446217544887541,1.6619899944461571,1.4406416567762166,1.7890560594718607,0.7323108294810432,15.96686344114404
3b523aceb232aa6f,6942,pedestrian,0.7040111414170717,0.4438225081872901,1.2800776304977992,1.1105974496625501,1.5237934206048036,2.914541645022819,12.865981329429305
371a64917512b4c9,7299,pedestrian,0.6019565995793528,0.44109150427846355,1.734776124018384,1.5084908661340164,4.115093518885595,0.6984725265293479,20.739180748355295
a991619cfc4f2216,1956,pedestrian,0.04555037126403401,0.4407979777219236,0.3426676964750537,0.08562245173952482,1.4691978573752684,26.74553237080258,13.07339865441357
50ddee410ccb016d,303,pedestrian,0.8304577573165653,0.440077371842768,0.3247437420507108,0.08018980597683753,0.9407792214498741,21.400414042289935,6.47718694448097
7efb8ffc5f5cb1b4,1220,pedestrian,0.10974628295874721,0.4387120553296323,0.3134736153057037,0.09458726648336142,1.4188631319411598,28.652653786147297,12.174251341159588
e9653159c09f5c72,4423,pedestrian,1.519036691048322,0.4369865128022022,1.625258026361707,1.251630925799389,1.7585851160777688,1.0427497111438149,15.304122764530181
e9653159c09f5c72,4398,pedestrian,0.3337774152355613,0.4289388344789551,1.3771484452906169,1.205661881700946,2.312558153380053,1.9288061166932158,18.562168183616826
1870b2208fe4ade9,64,pedestrian,0.7995901825937005,0.42863410402856034,0.45041298723908807,0.06850328065829683,1.0290277695842753,30.47278702262613,5.084701352483162
e9653159c09f5c72,4402,pedestrian,0.1671996876415061,0.4281162103625994,1.899867457233994,1.2532520874180122,3.699298344119871,0.8001722326186544,35.66146878205579
2d84b1ab55ab81d3,1529,pedestrian,0.046678541452935006,0.4281161798131591,0.20834031192694394,0.06025885874023675,1.719753809252098,20.063214895607427,9.78189178417688
ee5e5fe91cd6c6e7,3042,pedestrian,0.04105494330960381,0.4269478443915386,0.4476935991880689,0.1246490313538876,1.6578314727945789,22.134944652858078,10.05570228536593
9646b687f1411768,3338,pedestrian,1.838129785941683,0.42652032087592967,1.532567372295786,1.008892211207866,1.7101352829940586,0.9965137063144347,11.022382218321702
1870b2208fe4ade9,71,pedestrian,2.4122945056433323,0.4249885874160408,1.543775540692715,1.3052670407909497,1.4214604680513954,0.7717766385854935,10.065964071371724
a2fd6176c7695739,3698,pedestrian,0.04046828328389084,0.41875128721906035,0.2971108403296375,0.07340486685103119,1.3890491461010568,20.307475763479083,10.588221827504572
66d2f8859f26c401,1665,pedestrian,0.07316701516635518,0.41866734995370675,0.31887466760227007,0.1079818895934404,1.2953205346103431,29.16097625006416,10.720826763207855
6ea1530b289aec91,1277,pedestrian,1.1643381932396413,0.4158701955729302,1.5954715929649546,1.320889714293243,2.1796630406094244,1.0067266210519314,14.099513584992177
e9653159c09f5c72,4378,pedestrian,1.691271149359032,0.41447481171156375,1.0104185314095715,0.7960881899850301,1.273915027217503,1.44049729450078,9.358031150043393
371a64917512b4c9,7305,pedestrian,0.10951070869699243,0.41292376102999157,0.2528948078628625,0.0641282422445006,1.7003073194256395,22.104904025605485,7.319667349091025
371a64917512b4c9,7285,pedestrian,1.2485247805420028,0.4107516151381922,1.2112575538742203,1.0725560245345869,1.642569622225748,0.983313645152275,16.2539797065802
c92f5e81941151a4,98,pedestrian,0.23093709774276647,0.40892956822394577,0.25374774386901594,0.10025919074160891,1.0379093366302157,23.846807395440372,9.04126818525491
371a64917512b4c9,7294,pedestrian,1.2695609951926385,0.4076344261571513,1.667373229302326,1.2970119075925262,2.449067807984815,0.7669161598698265,12.610220434430257
f21c5ea7c094490b,1103,pedestrian,0.10051571808107125,0.4061392413539857,0.28900102174235515,0.09314993210098937,1.3117634613990548,25.145614578456545,8.70834979111421
3f1599e8fa742bad,3785,pedestrian,1.139835534683477,0.4041712877034433,1.6784549227207828,1.3553372270590456,1.8148904450644843,0.8806563675944978,16.78163484848709
7d040037cd4d968e,2632,pedestrian,0.5499492019230089,0.4035891927675612,0.17663536256276152,0.08012897885409175,0.7315552262715758,25.31735486790905,6.508765774346875
f21c5ea7c094490b,1101,pedestrian,0.06905668875236458,0.4003916526725149,0.2948099138568201,0.06240727700870671,1.442662802906603,25.716610575413075,7.68647685951211
ee5e5fe91cd6c6e7,3147,pedestrian,0.38474111529601035,0.3952402584472411,1.2869667587803963,1.029880319863606,1.9713474587559598,1.5548983385277149,18.177905271524523
4f7aa8ac2ff60093,3527,pedestrian,1.441775598908559,0.3938567076671682,1.4756841721520024,1.1173249860686747,1.2280150399824996,1.2156279105582162,11.46478725035454
371a64917512b4c9,7342,pedestrian,1.4581709643974907,0.39049793206942496,1.7234626015973344,1.5140029419884529,1.3584905775665146,0.9713454090319817,12.459885114795876
cb481a607e0df310,3462,pedestrian,0.9884099789587306,0.3897487020382618,1.4104831166807177,1.2843925878628122,1.188751051793252,1.9347218356029197,10.193073394346108
c92f5e81941151a4,96,pedestrian,0.02011135782045276,0.3879206201375229,0.23315749241102038,0.05847431760290247,1.1382237966158437,25.304403557867783,8.468392728501108
ee5e5fe91cd6c6e7,3127,pedestrian,0.07205108154974191,0.38766421651221905,1.3476099476254484,1.0143685708298507,1.244780190163317,4.551908337649708,9.999514016098088
4f7aa8ac2ff60093,3541,pedestrian,0.5879547006503416,0.3865921423889662,1.615111561987597,0.9982663377028633,1.731695006612456,2.2792180411066765,9.078745525571557
adcea6e87c4558fa,1290,pedestrian,0.7335460331624251,0.38421064233257185,1.5902234123225052,1.4327164347725327,1.7695999103509963,1.44577917998067,13.155430374484865
3f1599e8fa742bad,3786,pedestrian,0.6503031017966734,0.3836947596675655,1.4882373753285663,1.2960942838478688,1.567540796944854,1.7067374281274006,13.1168320131129
abc362bb96b25c1c,4138,pedestrian,0.515161455103065,0.3784850697259828,1.613464788383078,1.3381283922797,1.8186115348741883,1.2794857485152877,17.29711665309882
7efb8ffc5f5cb1b4,1218,pedestrian,0.04044910324057832,0.377669134420716,0.1811911651882761,0.06052784010363969,1.2431480725840367,22.7189602038763,6.4903390967023995
57e7012e0a98e3ec,4951,pedestrian,0.4917221541720147,0.373720785821945,1.6211282772385815,1.3598182434953532,1.5369106555304946,1.6118124683250856,15.11966733040263
4f7aa8ac2ff60093,3478,pedestrian,0.5794331754824877,0.3711677217943856,1.220673827773429,0.9439892877884792,1.4493392398904559,1.9016006491645348,11.424784733109762
140117c81b4ef9fb,4622,cyclist,0.8736246210546099,0.3708299529764565,3.665550802005105,2.9816319656564243,2.3774689046673125,0.4612743860628199,16.780733350282695
3a7c04d2bd7807eb,4470,pedestrian,0.5220451534122148,0.36837907872277564,1.6520327236999155,1.3746243013171706,1.9707713306367958,1.2162256337729516,14.964771691328727
27384099b57a800b,5491,pedestrian,0.266896925966136,0.3662181563973095,0.17291379336378956,0.04625766993026375,0.6750482985503666,21.36831166022595,5.7590843755714936
27384099b57a800b,5490,pedestrian,0.16876619737564202,0.36499108064036667,1.8576137792567844,1.5791068130527228,2.0272780906003027,1.2768304666176151,19.82263135957673
66d2f8859f26c401,1632,pedestrian,0.06604683546663134,0.362113974137474,0.2789974341411258,0.07047820027140109,0.7499040397469838,26.58998183720938,7.115089725810997
4f7aa8ac2ff60093,3491,pedestrian,1.1083550616636735,0.3583393914598032,1.6869392876319673,1.48141712927748,1.4963426941736335,0.7609191125328519,13.483022609137834
ae92386e0686d4d6,2739,pedestrian,0.14697535251057953,0.3568299616361604,0.17230517566986217,0.045790342709347474,0.9302473864793155,25.261049284037778,4.700809584687157
371a64917512b4c9,7292,pedestrian,0.11731768683402785,0.3553276628893225,1.6042176776264516,1.2220848395384833,2.28567675209693,1.0739324283218155,19.64494245518826
66d2f8859f26c401,1630,pedestrian,0.04422646702848738,0.3552829227298213,0.21160810331249655,0.06207685801320519,0.8423349862027135,25.75784918758087,6.09578219631283
4f7aa8ac2ff60093,3482,pedestrian,0.6561613379003312,0.3542633935289385,0.9525990520247525,0.6887408764278323,1.1466037731548386,1.914447013708669,9.999378160599589
ae92386e0686d4d6,2732,pedestrian,0.4872378429774592,0.3541381821828763,2.0726176690034723,1.6932282902103215,2.091459281909005,0.8259095430695451,17.31224567221597
bf5644083714297,1974,pedestrian,0.4055493246050166,0.35231152953361233,1.0279719241664833,0.8323314105859296,1.4647408683491103,1.7027600619375283,12.714179284412298
371a64917512b4c9,7317,pedestrian,0.08438476184099256,0.3510514422278541,0.19694315169737664,0.0718217509402534,0.9051356510014993,26.15359431734598,4.879185936101398
e9653159c09f5c72,4410,pedestrian,1.498946316713149,0.34952331430804656,1.0995630352765073,0.9705853206345619,0.9683650186162046,1.0704599083621358,8.182600572159378
4f4bbc55ef30c3ea,1468,pedestrian,0.29081098757841595,0.3488413799774145,1.8271915628470587,1.5350475829215569,2.1255647666184316,1.1392588678281212,15.320177761467157
c92f5e81941151a4,103,pedestrian,0.10227369466721078,0.34611298880183167,0.20704866731901542,0.050308779025256545,0.7212783481552787,25.4007378030345,5.1161267899218394
a200040e65ba224c,4717,pedestrian,0.49760284206788935,0.3444529965422626,1.5443920861985234,1.30238756561143,1.719450568059434,1.1250127216491435,14.309117597121638
7fcb65089a2bb672,2631,pedestrian,0.6987635046478774,0.34228609852265496,1.1193388385565377,0.876827324915885,1.5823266613736386,1.5311894760790556,8.414262453288508
675906df18cc419a,1594,pedestrian,0.9751068461773751,0.3401145912025407,1.6064669729355192,1.4081012104293222,1.4338907000843393,0.847145001073172,11.98877552296751
50ddee410ccb016d,308,pedestrian,0.170514777122586,0.3317784740835634,0.11580606665655685,0.05039331567997721,0.49156474600249145,23.370989760687877,4.080289391320935
5d6f6adb8f60a8e,4292,pedestrian,0.32922781597260903,0.33153647293793476,1.4079978465218224,1.2265484821898425,2.1538582570019016,0.9801706376336561,13.608682626886507
b6c121ee6748be2e,2728,pedestrian,1.0287909236171313,0.32969478497108223,1.4500082903657885,1.306412482387917,1.3657838808488665,0.7114942463272955,11.77838470198676
a2fd6176c7695739,3746,pedestrian,0.20042505042203707,0.32900155320869406,1.2858269283549673,0.9521795786739636,1.5324705958519313,1.5291890427457882,13.43776150196159
66d2f8859f26c401,1629,pedestrian,0.045288799638238814,0.3287695304459008,0.14559155812837601,0.043900510508213066,0.6860660742743144,27.659401701395474,4.070421080788332
371a64917512b4c9,7309,pedestrian,0.8669661838723735,0.3267114698753323,1.5688439567135248,1.3485637602692742,1.3120029801393396,0.9169790192828398,11.539766419894114
821e0118a0ef48b2,3938,pedestrian,0.8833216406698355,0.32588071118327017,1.2524604424113752,1.0056622822562395,1.1713639581126216,1.1824930003114908,9.539031473999705
66d2f8859f26c401,1631,pedestrian,0.03636990846495691,0.32511611502103166,0.1611802002554403,0.052985852073066546,0.5510107056495025,29.47900729705495,4.477300457065674
140117c81b4ef9fb,3052,pedestrian,0.5928589167158683,0.32496148112530654,1.5857523260392699,1.319836027635387,1.5370146531025652,1.0747755958856975,11.802562292394292
adcea6e87c4558fa,1292,pedestrian,0.5215878258547164,0.3239310996531481,1.2435751042158647,1.1072540772710013,1.3835699336392604,1.3888246706601293,10.551711772471194
371a64917512b4c9,7281,pedestrian,0.707756490764973,0.3229903654258051,1.0946712701124148,0.8636248506319943,1.2292433010024273,1.6163604489871153,7.334964334428231
e9653159c09f5c72,4373,pedestrian,1.4468492202049519,0.3197310544470434,1.1402759017779185,0.9871186337159931,1.0128623666404506,0.6452485506346428,8.759367348385304
140117c81b4ef9fb,4621,cyclist,0.053269639638859057,0.31666711264733327,0.10836104014244212,0.042919300611240364,0.4145226058870694,23.701227748892244,4.123657411708886
371a64917512b4c9,7289,pedestrian,0.35811703905252823,0.3155584548753997,1.2152101142151301,0.9760714394104582,1.2989251231908199,1.367117337231854,12.331506661701088
914f16ffef6529c5,108,pedestrian,0.14036750820124677,0.312753250526022,0.1202067219820675,0.04226954743538754,0.3562073022915438,29.441970937399127,3.119702399162736
ae92386e0686d4d6,2753,pedestrian,0.6931446861696755,0.30635739435408077,1.6035496781295957,1.4828447448775652,1.3086269766858294,0.930407244969963,10.870887723273325
1870b2208fe4ade9,65,pedestrian,0.2518419557597187,0.30520062143009186,0.0863340073734713,0.02033764563028472,0.23361118994855826,25.880182946927473,1.8455573619771641
ef30c381751c832,3035,pedestrian,0.7311335562038077,0.3044825155454351,1.280182393646448,1.166228381847784,1.0473946663314926,1.088325061707991,10.233799199187672
c92f5e81941151a4,99,pedestrian,0.4714982692197731,0.30427784449508544,1.2816801512115905,1.1156179019652224,1.7068135914077165,0.9285516031127694,11.03145799637345
a2fd6176c7695739,3695,pedestrian,1.242694177276748,0.29939457444794937,1.7896627726777465,1.4519064766407597,1.1034457290644584,0.5928968697689596,8.319673171771086
a2fd6176c7695739,3696,pedestrian,0.295089636982356,0.2970364114795778,1.5829598091843704,1.4042634480104457,1.6071590849412043,0.9551982083063517,12.789334052614564
750f17fb3ac9783d,2355,pedestrian,0.519573564020125,0.2968170190848088,1.519037396902952,1.2609252781833464,1.2789390159070047,0.9536679770214135,11.78703115348922
e9653159c09f5c72,4375,pedestrian,0.5966993902699247,0.29610767177486697,1.3621318529756021,1.235522483640391,1.20635242320698,1.1900620830823299,8.924808713618853
371a64917512b4c9,7286,pedestrian,0.6893475180486098,0.2910717523634308,1.2401642366536387,1.1258128152661109,1.1675250956796734,0.9901275161771472,9.240606554306051
c92f5e81941151a4,133,pedestrian,0.27108863770834035,0.2909306299209298,1.4609756260757174,1.2386770156431086,1.6718221307900627,0.9088282828747812,12.336863001951208
3a7c04d2bd7807eb,4467,pedestrian,0.43571346811312534,0.290348755355193,1.6894342719112103,1.4000093464800285,1.4625685551930223,0.931446603698558,11.086452883380792
7fcb65089a2bb672,2630,pedestrian,1.0416076535004104,0.29029957607804185,1.1728028756612519,1.003297588194564,0.8579017538639505,0.9842383760341189,7.133267772034052
ee5e5fe91cd6c6e7,3121,pedestrian,0.422140883929318,0.28844530360038523,1.3562956604544811,1.0434779512511783,1.2335453378398298,1.463293471077396,7.646144477703367
914f16ffef6529c5,116,pedestrian,0.26881871438949806,0.2840945159625271,1.7025076070831235,1.529362392693454,1.3163274559902227,1.2260265904023715,10.474068933340584
ae92386e0686d4d6,2733,pedestrian,0.4664927082008389,0.28261345504157936,1.5263129265549804,1.340181448268899,1.3198979064131422,0.7648572789914931,12.287656842459725
371a64917512b4c9,7284,pedestrian,0.4401867211010872,0.28224535449227905,1.6073237281398534,1.411764121006666,1.2635854127765334,0.8798331510987267,11.717560506670143
ef30c381751c832,3024,pedestrian,0.36537885224652505,0.2774698783198012,1.4115477483188432,1.2380695344774617,1.3215112335554302,0.7707876745053044,12.902755243789548
d84357e99e171a20,57,pedestrian,0.33406705265064296,0.27376878620755185,1.488387056529502,1.3390956001195329,1.2756875338545548,1.1151899922126574,9.5924206836358
371a64917512b4c9,7282,pedestrian,0.27927254612024177,0.2702442548222379,1.1705575531095231,0.877981084755368,1.4015287541072734,1.2502083736236613,7.949359374818548
32275d7231509117,760,pedestrian,0.5353033773090352,0.26870076999269116,1.5289461664262887,1.3735178236773669,1.3068226749793088,0.5653653657409263,11.702311786198383
3b523aceb232aa6f,6911,pedestrian,0.3041525131997664,0.266774729211383,1.4306187541153714,1.2904146895731565,1.2588967019713926,0.9475334188413853,10.771203973347605
371a64917512b4c9,7290,pedestrian,0.35470330032317043,0.2593336229385229,1.216423467221482,1.0793776980707093,1.1443041330736015,0.9942195296564282,9.425387840507348
6ea1530b289aec91,1276,pedestrian,0.2873578094367841,0.25739147507821075,1.485260147401658,1.2638784364312157,1.1986925904069523,0.8869404937711223,10.734384958669596
ae92386e0686d4d6,2735,pedestrian,0.2951455999337024,0.25538793111806946,1.3770364506176482,1.1376632646577847,1.0641581257440558,1.247059725859907,7.910980269119033
371a64917512b4c9,7291,pedestrian,0.4258237063286093,0.24425778961941713,1.4856799563336378,1.3007994533577267,0.8100607740455745,1.1563998472897752,7.302652635074846
5d6f6adb8f60a8e,4294,pedestrian,0.21974225282263518,0.24291124307124182,1.385974180441473,1.190703146830729,1.171595711255955,1.0035361142605437,8.80897034483486
371a64917512b4c9,7296,pedestrian,0.05138910339316979,0.23979228775928751,1.3422080496923505,1.2247652391668835,0.939712448280593,1.40804913140133,8.329973269807654
b6c121ee6748be2e,2729,pedestrian,0.1033815874462426,0.23513120244073835,1.5462121795741053,1.2525247141242741,0.943921440558364,1.2349801442252595,8.554485458222238
371a64917512b4c9,7295,pedestrian,0.36463508543811946,0.2338555462256354,1.420117192956313,1.2716427606181437,0.9125251785368504,0.9173315879380739,8.270999321884792
371a64917512b4c9,7304,pedestrian,0.39303636209374787,0.20759842010205623,1.5350605107318578,1.3787260542793391,0.8670606830104488,0.5570674647275142,8.43711130557081
371a64917512b4c9,7288,pedestrian,0.36575711441483777,0.20065746525206388,1.2457658162794294,1.085795251003709,0.7934119583692545,0.6703955773651504,7.305043930834076
371a64917512b4c9,7301,pedestrian,0.10353498462364598,0.1853281313515205,1.222400248481222,1.1273997186321827,0.8269863052469967,0.7410596988722273,7.707538554661946
371a64917512b4c9,7300,pedestrian,0.18952222126682905,0.18070250821690886,1.329413518235521,1.1630250522521963,0.8828381604178681,0.5286431631813537,7.82452910825816
371a64917512b4c9,7287,pedestrian,0.2439525705101081,0.15944352641630236,1.2814952801644652,1.1415114929911934,0.6255589816208551,0.6597308210090366,5.095244713753499
